SNPs,P
12:618915:G:A_A,0.009668
12:619550:A:T_T,0.009668
12:620228:G:A_A,0.009668
12:625811:C:A_A,0.005341
12:1075536:T:C_C,0.008558
12:1648262:C:T_T,0.003946
rs7968680_C,0.006647
12:3034484:G:A_A,0.006852
12:3037705:T:A_A,0.006852
12:3037937:T:A_A,0.006852
12:3045007:C:T_T,0.006852
12:3045155:A:G_G,0.006852
12:3045429:C:A_A,0.006852
12:3045509:A:G_G,0.006852
12:3045512:A:C_C,0.006852
12:3045847:G:A_A,0.006852
12:3045947:A:C_C,0.006852
12:3045963:TTTAA:T_T,0.006852
12:3045968:AT:A_A,0.006852
12:3046056:G:A_A,0.006852
12:3046173:A:G_G,0.006852
12:3046323:T:TTC_TTC,0.006852
12:3046421:C:T_T,0.006852
12:3046531:T:C_C,0.006852
12:3046802:A:G_G,0.006852
12:3048755:A:G_G,0.008912
exm975076_C,0.008912
12:3049938:C:T_T,0.006852
12:3050220:TTG:T_T,0.006852
12:3050578:A:G_G,0.008912
12:3050644:CA:C_C,0.008912
12:3050646:GA:G_G,0.008912
12:3050936:G:C_C,0.008912
12:3051460:C:G_G,0.006852
12:3051526:T:C_C,0.008912
12:3051726:G:A_A,0.006852
12:3052045:C:T_T,0.006852
12:3052748:T:C_C,0.008912
12:3053028:G:C_C,0.006852
12:3053171:C:G_G,0.006852
12:3053172:C:T_T,0.006852
12:3053904:A:G_G,0.008912
12:3054170:G:A_A,0.006852
12:3054243:G:A_A,0.008912
12:3054299:G:C_C,0.006852
12:3054457:T:C_C,0.008912
12:3055651:G:T_T,0.006852
12:3055703:G:A_A,0.006852
12:3056104:G:T_T,0.008912
12:3056136:G:A_A,0.006852
12:3056571:AT:A_A,0.008912
12:3057294:C:CA_CA,0.005448
12:3057794:C:T_T,0.005448
12:3057949:G:T_T,0.008964
12:3057994:T:C_C,0.005448
12:3058903:C:T_T,0.007213
12:3059044:C:G_G,0.005448
12:3059178:G:A_A,0.004074
12:3059223:C:G_G,0.005448
12:3059242:A:G_G,0.004074
12:3059623:G:C_C,0.005448
12:3059639:C:T_T,0.005448
12:3060694:C:CAAAACAAAAACAAAAAC_CAAAACAAAAACAAAAAC,0.005448
12:3061578:A:AAAC_AAAC,0.002413
12:3388522:G:C_C,0.003344
12:3903390:T:C_C,0.009692
12:3989667:C:T_T,0.00351
12:4071347:C:T_T,0.003185
12:4086274:G:T_T,0.008244
rs34298746_A,0.008244
12:4088546:T:C_C,0.008244
12:4088699:C:CT_CT,0.006603
12:4088840:A:G_G,0.005926
12:4548426:G:A_A,0.003146
12:5163874:C:G_G,0.008545
12:5163883:A:C_C,0.008899
12:5163903:T:C_C,0.008
12:5163904:G:A_A,0.008
12:5482280:T:G_G,0.001951
12:5630471:C:A_A,0.005308
12:5632882:C:A_A,0.003966
12:5726102:C:A_A,0.008228
12:6052443:TTGTG:T_TTGTG,0.009946
12:6065324:G:A_A,0.007371
12:6065751:T:C_C,0.007371
12:6071516:T:C_C,0.007371
12:6087041:C:A_C,0.006637
12:6271308:G:A_G,0.008383
12:6271735:A:T_A,0.006742
12:6272652:G:C_G,0.00907
12:6272849:C:T_C,0.00907
12:6274034:G:A_G,0.00733
12:6275828:A:G_A,0.00907
12:6276011:CA:C_CA,0.005181
12:6276390:T:C_T,0.00733
12:6276533:T:C_T,0.00733
12:6277962:C:T_C,0.008406
12:6278660:C:T_C,0.00474
12:6399592:G:A_A,0.009049
12:6942338:C:CA_CA,0.001996
12:6945914:C:G_G,0.007652
12:6948899:A:G_A,0.007931
rs3742089_C,0.005435
12:7250185:G:A_A,0.004157
12:7252765:T:C_C,0.0008803
12:7258451:G:T_G,0.007109
12:7262557:C:G_G,0.003471
12:7264249:G:A_A,0.002914
12:7351780:C:T_T,0.008613
12:7598937:T:C_C,0.006687
12:7600380:G:A_A,0.006687
12:7604407:T:TA_TA,0.006687
12:7604516:C:G_G,0.006687
12:7606868:A:T_T,0.006687
12:7616224:C:T_T,0.007417
12:7619051:T:G_G,0.007417
12:7619490:CA:C_C,0.007417
12:7630260:G:C_C,0.007417
rs10845265_G,0.007417
12:7631225:A:G_G,0.007417
12:7631914:C:T_C,0.005682
12:7636520:T:C_C,0.008024
12:7640336:G:A_A,0.006518
12:7641451:GC:G_G,0.006518
12:7642274:T:G_G,0.006518
12:7642522:G:A_A,0.006518
12:7643730:AAAAC:A_A,0.006518
12:7648080:TG:T_T,0.006518
12:7648286:A:C_C,0.005218
12:7648409:A:AGTCT_AGTCT,0.006518
12:7650720:T:TAC_TAC,0.006518
12:7650881:G:A_A,0.006518
12:7656634:C:CA_CA,0.006518
12:7657399:A:G_G,0.006518
12:7680854:A:G_G,0.006518
12:7680897:G:C_C,0.002369
12:7681924:G:A_A,0.002369
12:7682863:T:C_T,0.002379
12:7682865:G:A_A,0.0004558
12:7682914:G:C_C,0.002369
12:7682919:T:C_C,0.002937
12:7702973:TA:T_T,0.006341
12:7716830:AC:A_A,0.002255
12:8144234:A:G_A,0.003669
12:8144661:A:G_G,0.003217
12:8145091:AAAAAAC:A_AAAAAAC,0.003653
12:8155409:G:A_G,0.003669
12:8156871:T:C_T,0.003669
12:8160470:T:C_T,0.003669
12:8163511:G:C_G,0.003669
12:8163724:A:G_A,0.003669
12:8165913:T:C_T,0.003669
12:8166089:TAAATA:T_TAAATA,0.003669
12:8166646:CAA:C_CAA,0.005355
12:8167368:AAAT:A_AAAT,0.005697
12:8167401:A:G_A,0.005697
12:8167412:G:A_G,0.005697
12:8167541:A:G_A,0.005697
12:8169095:G:C_G,0.003669
12:8171056:T:C_T,0.003669
12:8172888:A:C_A,0.0014
12:8172901:G:A_G,0.0014
12:8173254:T:C_T,0.0014
12:8182301:G:A_G,0.0004832
12:8183004:C:T_C,0.0004832
12:8201060:C:T_T,0.002157
12:8201121:G:T_T,0.002157
12:8232356:A:G_G,0.009718
12:8255972:G:T_T,0.005612
12:8263774:CT:C_CT,0.006574
12:8300064:A:G_G,0.001713
12:8300374:A:G_A,0.003664
12:8300471:C:G_C,0.003333
12:8300589:C:T_C,0.003032
12:8302077:C:T_C,0.003333
12:8302137:A:C_A,0.003333
12:8302530:A:G_A,0.003333
12:8302667:A:G_A,0.003664
12:8303863:A:C_A,0.003333
12:8303864:G:A_G,0.002726
12:8303978:T:A_A,0.00212
12:8305249:C:T_T,0.00212
12:8305368:TG:T_T,0.00212
12:8305588:T:A_A,0.00212
12:8305976:G:T_T,0.00212
12:8306414:A:G_G,0.00212
12:8306476:C:T_T,0.00212
12:8306590:G:T_T,0.00212
12:8306829:C:T_T,0.00212
12:8306902:C:T_T,0.00212
12:8307004:G:A_A,0.00212
rs4293193_A,0.00212
12:8307968:G:A_A,0.00212
12:8308025:T:C_C,0.00212
12:8308145:C:G_G,0.00212
12:8308297:A:G_A,0.005663
12:8308449:T:G_G,0.001713
12:8309235:A:G_A,0.005663
12:8310035:A:G_G,0.001713
12:8366304:G:T_G,0.009246
12:8368213:C:G_C,0.005116
12:8370915:T:C_T,0.007914
12:8372757:A:C_A,0.009844
12:9034373:C:T_T,0.008981
rs6487735_T,0.006067
12:9431770:AT:A_A,0.004014
12:9432789:G:C_C,0.006067
12:9432850:A:G_G,0.006067
12:9432903:G:A_A,0.006067
12:9432952:A:G_G,0.006067
12:9432988:G:T_T,0.006067
12:9433426:T:A_A,0.006067
12:9433483:T:C_C,0.006067
12:9433605:A:G_G,0.006067
12:9433983:C:T_T,0.006067
12:9434060:T:C_C,0.006067
12:9434423:G:A_A,0.006067
12:9434538:G:A_A,0.006067
12:9434815:T:G_G,0.006067
12:9434852:A:G_G,0.006067
12:9434940:G:A_A,0.006067
rs1549426_T,0.006067
12:9435574:T:C_C,0.006067
12:9435639:T:C_C,0.006067
12:9435768:A:G_G,0.006067
12:9436053:C:T_T,0.006724
12:9436055:C:T_T,0.0053
12:9436081:C:T_T,0.007902
12:9436108:AT:A_A,0.006067
12:9436282:T:A_A,0.004752
12:10059479:G:C_C,0.008689
12:10064384:C:T_C,0.003332
rs594537_C,0.003414
12:10076031:G:A_G,0.003414
12:10076222:A:G_A,0.001966
12:10077463:A:C_A,0.001966
12:10078256:AT:A_AT,0.006486
12:10085942:G:C_G,0.007775
12:10088084:T:C_C,0.004347
12:10094643:A:G_G,0.005063
12:10172178:C:T_T,0.009821
12:10172353:T:C_C,0.008198
12:10172949:A:ATTA_ATTA,0.008198
12:10174173:G:A_A,0.009821
12:10175993:G:A_A,0.008198
rs10505745_T,0.008198
12:10330802:G:T_G,0.007054
12:10331030:G:T_G,0.006106
12:10331121:CA:C_CA,0.001094
12:10823743:G:A_A,0.005429
12:10823749:A:G_G,0.005429
12:11615243:T:C_C,0.008198
12:11706164:G:T_T,0.003946
12:11706629:C:A_A,0.002255
12:11707435:G:A_A,0.001359
12:11708389:T:C_C,0.006553
rs7954816_T,0.006553
12:11710407:G:GGT_GGT,0.006687
12:11710591:A:G_G,0.003946
12:11714037:T:C_C,0.003946
12:11717811:C:A_A,0.003946
12:11719445:G:A_A,0.003946
12:11720410:T:C_C,0.003946
12:11720831:T:C_C,0.006553
12:11721082:A:T_T,0.006553
12:11722242:C:T_T,0.003946
12:11722358:T:C_C,0.003946
12:11724228:T:G_G,0.006553
12:11724914:G:C_C,0.006553
12:11725041:T:C_C,0.006553
12:11725910:G:A_A,0.003946
12:11726730:G:A_A,0.003946
12:11726787:A:C_C,0.003946
12:11727970:C:T_T,0.006553
12:11729918:T:C_C,0.006553
12:11731103:A:G_G,0.002255
12:11731430:C:T_T,0.003946
12:11732403:G:A_A,0.003946
12:11733185:T:C_C,0.004005
12:11735475:C:T_T,0.006553
12:11735535:G:C_C,0.006687
12:11737011:T:G_G,0.003946
12:11738309:C:T_T,0.003946
12:11740163:G:A_A,0.003946
12:11741018:CA:C_C,0.006553
12:11741163:C:G_G,0.002255
12:11741230:G:C_C,0.004005
12:11741336:TAAA:T_T,0.004005
12:11741965:A:C_C,0.006553
12:11742040:C:T_T,0.003946
12:11742260:C:T_T,0.006553
12:11769644:C:CA_CA,0.009799
12:11782235:T:C_T,0.006186
12:12258348:C:G_G,0.009635
rs11054692_G,0.006045
12:12261101:G:C_C,0.006045
12:12261132:G:C_C,0.006045
12:12261393:G:T_T,0.006045
12:12262030:G:A_A,0.008094
12:12263026:T:A_A,0.008094
12:12263027:C:CT_CT,0.004437
12:12263671:C:CTCCACATTGTTTTCTA_CTCCACATTGTTTTCTA,0.006045
12:12451162:A:G_G,0.009946
12:12481277:G:A_A,0.00109
12:12481460:G:A_A,0.00109
12:12481646:G:A_A,0.00109
12:12481791:G:A_A,0.001417
12:12484420:A:T_A,0.00866
12:12484662:C:T_T,0.001833
12:12486948:C:T_T,0.001833
12:12487161:C:A_A,0.004668
12:12487698:A:G_G,0.001833
12:12488067:T:C_C,0.001383
12:12490450:G:A_A,0.001833
12:12492014:G:C_C,0.00666
12:12492825:C:T_T,0.002357
12:12494997:C:A_A,0.002357
12:12498225:G:A_A,0.00666
12:12499179:T:C_C,0.00666
12:12499200:G:A_A,0.002357
12:12501119:A:G_G,0.00666
12:12511991:T:C_C,0.00764
12:12512906:G:T_T,0.00764
12:12514050:T:C_C,0.005071
12:12515996:G:A_A,0.004033
12:12745839:C:CAAAAG_CAAAAG,0.007207
12:12746382:C:T_T,0.006968
12:12869787:C:T_T,0.006017
12:13081208:T:C_C,0.006407
12:13081210:T:C_C,0.006407
12:13500239:G:C_C,0.006657
12:13500896:G:A_A,0.00954
12:14164480:G:T_T,0.006553
12:14299145:T:C_C,0.009978
12:14394984:A:G_G,0.002208
12:14396565:T:C_C,0.0019
12:14406263:G:A_A,0.003709
12:14409004:A:C_C,0.003709
12:14417744:G:A_A,0.009944
12:14421112:G:A_A,0.009944
rs4764077_C,0.009676
12:14489551:A:C_A,0.007079
12:14551321:G:GT_GT,0.006241
12:14746372:T:TG_T,0.009692
12:14841194:T:TTCTC_TTCTC,0.004704
12:14841358:T:G_G,0.004704
12:14841524:T:C_C,0.005631
12:14841644:T:C_C,0.005631
12:14843141:C:T_T,0.004704
12:14843835:C:T_T,0.005631
12:14843993:G:C_C,0.005631
rs2099015_T,0.005631
12:14844496:T:C_C,0.005631
12:14844553:C:T_T,0.003532
12:14845784:G:A_A,0.003532
rs11056101_T,0.004704
12:14847029:C:G_G,0.003532
12:14847961:A:G_G,0.003532
12:14849580:G:A_A,0.005631
12:14850642:T:G_G,0.005631
12:14850714:T:C_C,0.005631
12:14850782:G:A_A,0.005631
12:14851128:A:T_T,0.005631
12:14851431:T:C_C,0.005631
12:14851696:G:C_C,0.005631
12:14852299:A:G_G,0.003532
12:14852796:T:C_T,0.003532
12:14853584:C:G_G,0.005631
12:14854832:A:C_C,0.005631
12:14854931:C:G_G,0.008046
12:14855035:AT:A_A,0.009885
12:14855153:G:A_A,0.004704
12:14855247:A:G_G,0.008046
12:14855496:A:G_G,0.008046
12:14856449:A:G_G,0.008046
12:14856451:G:A_A,0.008046
12:14856883:G:C_C,0.004704
12:14857112:G:A_A,0.008046
12:14857146:G:C_C,0.005631
12:14857236:T:C_C,0.005631
12:14857458:C:T_T,0.005631
12:14858246:A:T_T,0.005631
12:14858352:T:C_C,0.005631
12:14858753:G:T_T,0.007819
12:14859094:T:C_C,0.008046
12:14859180:T:G_G,0.008046
12:14859637:A:G_G,0.008046
12:14859699:A:G_G,0.009885
12:14861016:C:CTT_CTT,0.001763
12:14861585:C:T_T,0.004704
12:14863842:CAAACCTTTT:C_C,0.004704
12:14868858:G:A_A,0.004704
12:14870386:C:T_T,0.004704
12:14877109:T:C_C,0.004704
12:14880527:A:G_G,0.005631
12:14881319:T:TTATTAG_TTATTAG,0.005631
12:14881701:T:G_G,0.004704
12:14884033:G:C_C,0.004704
12:14889006:C:G_G,0.005631
12:14894071:A:G_G,0.009885
12:14898116:C:T_T,0.004704
12:14905070:A:T_T,0.005631
12:14905869:G:C_C,0.007417
12:14906962:T:C_C,0.007417
12:14907878:G:A_A,0.004704
12:15118854:T:C_C,0.009959
12:15120728:C:T_T,0.009959
12:15123647:GT:G_G,0.009959
12:15124422:A:G_G,0.009959
rs12305014_C,0.009959
12:15128302:AT:A_A,0.007142
12:15670180:A:C_C,0.0003145
12:15670188:T:C_C,0.0003145
12:15670756:A:G_G,0.0003145
12:15670910:G:A_A,0.000401
12:15671276:C:A_A,0.000401
12:15672070:G:A_A,0.000401
12:15672785:G:A_A,0.0005083
12:15674275:G:T_T,0.0005083
12:15674301:C:G_G,0.0005083
12:15674531:C:T_T,0.0005083
12:15675123:T:A_A,0.0005083
12:15675146:A:C_C,0.0005083
12:15675147:T:A_A,0.0005083
12:15675170:A:T_T,0.0009254
12:15675470:G:A_A,0.0005083
12:15676161:C:T_T,0.0005083
12:15677091:T:TA_TA,0.006602
12:15677352:G:A_A,0.0005511
12:15677992:A:T_T,0.0005511
12:15678138:A:G_G,0.0005511
12:15678516:T:C_C,0.0005511
12:15678562:A:G_G,0.0005511
12:15679120:C:A_A,0.0005511
12:15679208:G:A_A,0.0005511
12:15679676:T:C_C,0.0008022
12:15680809:A:ACCCGCCCACCACCCC_ACCCGCCCACCACCCC,0.0005974
12:15680877:C:T_T,0.001009
12:15681170:G:C_C,0.001009
12:15681456:C:CAA_CAA,0.0005974
12:15681918:C:A_A,0.001009
12:15682401:T:TA_TA,0.001114
12:15682707:A:G_G,0.001009
12:15682904:G:A_A,0.0005511
12:15685076:A:T_T,0.0005511
12:15685234:A:G_G,0.0005511
rs6488783_G,0.0005511
12:15686785:T:C_C,0.0005511
12:15686840:A:G_G,0.0005511
12:15709966:G:GT_GT,0.008228
12:16636343:C:T_C,0.005644
12:16637422:G:A_G,0.005644
12:16647011:G:C_G,0.002813
12:16648763:C:G_C,0.001747
12:16652161:G:T_G,0.006793
12:16655349:C:T_C,0.002813
12:16904214:C:A_C,0.006059
12:16906941:A:G_G,0.006059
12:17591832:G:A_A,0.007937
12:17594500:A:G_G,0.007937
12:18072609:T:A_A,0.002793
12:18075189:C:A_A,0.000355
12:18075417:A:G_G,0.002793
12:18075643:T:C_C,0.000355
12:18075738:AC:A_A,0.002793
12:18075974:G:A_A,0.000355
12:18076383:A:C_C,0.000355
12:18078359:T:C_C,0.002793
12:18079234:T:C_C,0.002793
12:18079440:C:T_T,0.002793
12:18079444:G:A_A,0.002793
12:18083355:CTTA:C_C,0.002793
12:18085379:G:C_C,0.002793
12:18088443:A:G_G,0.004017
12:18089347:A:C_C,0.001168
12:18092426:A:T_T,0.000511
12:18092897:A:T_T,0.001168
12:18094067:T:C_C,0.001168
12:18094072:C:G_G,0.001168
12:18094151:A:G_G,0.001168
12:18095671:A:G_G,0.001168
12:18098889:T:G_G,0.005688
12:18102093:A:G_G,0.001607
rs7970960_C,0.001607
12:18102984:T:G_G,0.001607
12:18104032:T:C_C,0.001607
12:18105714:T:C_C,0.005688
12:18105976:T:G_G,0.005688
12:18107607:G:T_T,0.005688
12:18109013:A:G_G,0.002393
12:18109297:A:T_T,0.002393
12:18112254:T:G_G,0.0006836
12:18113090:G:C_C,0.002393
12:18116108:A:G_G,0.002393
12:18116153:G:T_T,0.002393
12:18116551:T:A_A,0.002393
12:18117211:T:C_C,0.0006836
12:18123247:C:T_T,0.002393
12:18124302:A:G_G,0.002393
12:18128050:G:C_C,0.005688
12:18128356:A:G_G,0.005688
12:18129598:G:A_A,0.002393
12:18132209:C:T_T,0.005688
12:18132343:G:T_T,0.005688
12:18134955:T:G_G,0.005543
12:18135177:C:T_T,0.004017
12:18135598:G:A_A,0.004017
12:18135614:G:T_T,0.004017
12:18135826:A:G_G,0.004017
12:18136265:T:C_C,0.004017
12:18137891:T:C_C,0.002393
12:18138862:C:T_T,0.005688
12:18139019:C:A_A,0.005688
12:18142192:G:A_A,0.005688
12:18147123:A:G_G,0.0007275
12:18150055:A:G_G,0.005688
12:18155405:G:A_A,0.005688
12:18155579:A:G_G,0.005688
12:18155637:T:C_C,0.005688
12:18159487:C:A_A,0.009049
12:18160693:G:C_C,0.0008729
12:18161038:ATAG:A_A,0.009347
12:18165171:T:G_G,0.005688
12:18170492:A:G_G,0.005688
12:18174236:CA:C_C,0.005688
12:18174529:C:T_T,0.005688
12:18174718:A:G_G,0.005688
12:18177442:G:A_A,0.005688
12:18177567:C:T_T,0.005688
12:18178532:A:G_G,0.005688
12:18178951:C:A_A,0.004017
12:18182546:G:T_T,0.005688
12:18190267:G:C_C,0.004017
12:18193202:G:A_A,0.005688
12:18193449:G:A_A,0.005688
12:18193470:T:G_G,0.005688
12:18193660:T:C_C,0.005688
12:18195007:GA:G_G,0.0002955
12:18196110:T:G_G,0.005688
12:18198619:T:C_C,0.005688
12:18199746:AAAAATG:A_A,0.005688
12:18278571:G:A_A,0.009049
rs4614516_A,0.007652
12:18341485:C:T_T,0.007652
12:18343378:G:T_T,0.007652
12:18344802:A:G_G,0.007652
12:18345507:T:G_G,0.007652
12:18349380:G:GAC_GAC,0.007652
12:18350474:T:C_C,0.007652
12:18352717:A:C_C,0.007652
12:18353379:C:T_T,0.007652
12:18353402:A:G_G,0.007652
12:18808753:C:T_T,0.006354
12:19176554:C:A_A,0.009049
12:19261300:C:G_C,0.009056
12:19344476:A:G_G,0.009049
12:19371221:A:G_G,0.009049
12:19506251:CTAATTTTTG:C_C,0.003489
12:19551255:AT:A_A,0.009888
12:19726580:G:C_C,0.006518
12:19759336:C:T_T,0.007667
12:19760734:C:T_T,0.007667
12:19765541:C:T_T,0.007667
12:19774225:T:G_G,0.007667
12:19795930:C:A_A,0.00441
12:19812930:G:A_A,0.005218
12:19899254:C:T_T,0.008024
12:19899608:C:T_T,0.008024
12:20294359:A:ATTTTTTTT_ATTTTTTTT,0.002732
12:20460297:C:T_T,0.006017
12:20461752:C:T_T,0.006017
12:20554110:C:T_C,0.009025
12:20601686:G:T_T,0.004317
12:20786807:T:G_G,0.006685
12:20790891:T:C_C,0.0009382
12:20790972:A:G_G,0.009344
12:20793925:G:T_T,0.001616
rs4583026_T,0.0008658
rs11835548_G,0.002054
12:22862003:G:A_G,0.002776
12:22862880:C:G_G,0.005978
12:22862904:C:G_G,0.006572
12:22864523:G:A_A,0.007933
rs7311822_T,0.005838
12:22867833:CCT:C_C,0.005838
12:22868165:C:T_T,0.005838
12:22868305:G:A_A,0.005838
12:22869656:C:T_T,0.009596
12:23661847:G:A_A,0.003702
12:23699622:G:C_C,0.009692
12:23735919:T:C_C,0.006755
12:23736312:T:C_C,0.006755
12:24233568:A:G_G,0.007417
12:24260884:G:A_A,0.008024
12:25067820:C:T_T,0.00866
12:25069447:C:CT_C,0.009813
12:25069764:T:C_T,0.005721
12:25072447:G:A_G,0.005721
12:25085390:T:C_C,0.007773
12:25086171:G:C_C,0.0008095
12:25166793:T:C_C,0.00845
12:25166839:C:T_T,0.00776
12:25167739:C:G_G,0.006677
12:25168094:T:TTG_TTG,0.0057
12:25168897:A:G_G,0.006677
12:25169451:C:G_G,0.006677
12:25170372:C:T_T,0.00776
rs11047765_A,0.009364
12:25239205:A:G_G,0.009845
12:25239422:C:T_T,0.006726
12:25240192:C:G_G,0.009845
12:25241867:TGATAA:T_T,0.005466
12:25246028:C:T_T,0.006199
12:25246829:G:A_A,0.006199
12:25247665:C:CTTCT_C,0.00906
12:25248170:T:C_C,0.006199
12:25248824:C:T_T,0.006199
12:25249545:A:G_G,0.006199
12:25250159:TAAAA:T_T,0.006199
12:25251104:G:A_A,0.006199
12:25252178:C:A_A,0.001649
12:25253259:A:C_C,0.006199
12:25257990:CCTTA:C_C,0.006199
12:25258115:A:G_G,0.006199
12:25261165:A:G_G,0.006199
12:25262127:T:C_C,0.006199
12:25265409:T:C_C,0.002846
12:25265837:G:A_A,0.006199
12:25266436:A:G_G,0.006199
12:25266983:G:A_A,0.006199
12:25272297:A:C_C,0.006199
12:25279359:G:C_C,0.006199
12:25279951:A:C_C,0.006199
12:25280147:T:A_A,0.006199
12:25284624:G:C_C,0.006199
12:25288411:G:A_A,0.009232
12:25288506:T:C_C,0.006199
12:25288814:T:C_C,0.006199
12:25289010:G:A_A,0.009232
12:25289154:T:C_C,0.006199
12:25290771:A:G_G,0.006199
12:25290790:T:C_C,0.009232
12:25292039:A:G_G,0.006199
12:25292892:T:C_C,0.008259
12:25294214:A:G_G,0.009232
12:25295340:G:A_A,0.009232
12:25295969:C:CA_CA,0.009232
12:25298002:T:C_C,0.006199
12:25299297:G:A_A,0.009232
12:25301550:G:C_C,0.006199
12:25304707:A:G_G,0.009232
12:25306255:T:C_C,0.004581
12:25307566:A:G_G,0.006199
12:25309586:A:C_C,0.008724
12:25310137:G:A_A,0.006199
12:25311333:G:A_A,0.008724
12:25312648:G:C_C,0.008724
12:25312720:T:C_C,0.007188
12:25314806:A:T_T,0.008724
12:25315644:C:T_T,0.006199
12:25316524:C:G_G,0.005594
12:25316630:T:C_C,0.006199
12:25318731:C:T_T,0.004608
12:25319942:T:C_C,0.004608
12:25320240:C:G_G,0.004608
12:25321256:C:T_T,0.004608
12:25323634:C:A_A,0.004608
12:25323811:A:G_G,0.004608
12:25324287:G:A_G,0.008724
12:25324318:A:G_G,0.004608
12:25326678:A:G_G,0.004608
12:25327598:A:G_G,0.008724
12:25328089:C:A_A,0.004608
12:25329172:T:C_C,0.008724
12:25329702:A:T_A,0.008724
12:25330855:AT:A_A,0.004015
12:25331068:T:C_C,0.004015
12:25334858:T:C_C,0.004608
12:25335674:T:G_G,0.004608
12:25336505:C:T_T,0.004608
12:25336790:A:C_C,0.008724
12:25338229:T:C_C,0.008724
12:25338802:G:A_A,0.008724
12:25338943:T:C_C,0.008724
12:25339203:C:T_T,0.008724
rs11047880_G,0.004608
12:25341177:C:T_C,0.00927
12:25341338:G:A_A,0.008724
12:25341939:AGGTT:A_A,0.008724
12:25342042:T:C_C,0.004608
12:25342500:CG:C_C,0.008724
12:25342630:A:C_C,0.008724
12:25345646:G:A_A,0.004608
12:25348487:T:TGGGA_TGGGA,0.004608
12:25348514:T:G_T,0.00927
12:25355081:T:C_C,0.004608
12:25355602:G:A_A,0.004608
12:25358033:T:A_A,0.004608
12:25361074:G:A_A,0.008724
12:25361142:A:G_G,0.008724
12:25361646:T:C_C,0.008724
rs17473423_G,0.008724
12:25363389:T:A_A,0.004608
12:25364978:T:C_C,0.004608
12:25366660:T:C_C,0.006803
12:25366805:G:A_A,0.004608
12:25369166:G:T_T,0.004608
12:25369234:G:A_A,0.006803
12:25371162:TA:T_T,0.008724
12:25371462:C:T_T,0.003622
12:25371854:T:A_A,0.006803
12:25372851:CAATT:C_C,0.006803
12:25374812:C:A_A,0.006803
12:25375946:G:C_C,0.004608
12:25379639:T:C_C,0.005727
12:25380927:C:G_G,0.008724
12:25381346:G:C_C,0.008724
12:25383509:C:T_T,0.008608
12:25385904:T:G_G,0.009102
12:25386940:C:T_T,0.008724
12:25388316:G:C_C,0.008724
12:25388711:G:A_A,0.006877
12:25389182:A:G_G,0.008724
12:25389917:G:C_C,0.008724
12:25390031:T:C_C,0.006877
12:25391064:A:C_C,0.006877
12:25391239:G:C_C,0.009102
12:25393523:T:C_C,0.008724
12:25395845:T:C_C,0.008724
12:25395917:G:A_A,0.008724
12:25397282:T:C_C,0.008724
12:25398018:T:A_A,0.006877
12:25398973:G:A_A,0.008724
12:25401197:C:T_T,0.008724
12:25401541:G:A_A,0.006499
12:25401876:T:C_C,0.008608
12:25402087:G:GT_GT,0.008724
12:25402253:T:C_C,0.008724
12:25402255:C:G_G,0.008724
12:25402387:T:C_C,0.008724
12:25403356:C:T_T,0.006877
12:25404604:G:A_A,0.008259
12:25408325:ATAAC:A_A,0.006398
12:25409506:G:A_A,0.003371
rs6487465_C,0.00444
12:25411685:TA:T_T,0.002597
12:25412129:T:C_C,0.003815
12:25412252:A:AC_AC,0.00552
12:25518424:C:CAA_C,0.007217
12:25518438:G:C_G,0.008644
12:25521192:T:C_T,0.007217
12:25525513:A:G_G,0.007217
12:25527196:C:T_T,0.00838
12:25528516:A:AT_AT,0.003914
12:25529645:C:T_T,0.00619
12:25601666:G:A_A,0.009576
12:25603066:A:G_G,0.002111
12:25603192:G:A_A,0.002111
12:25603369:G:C_C,0.002111
12:25603534:G:A_A,0.002111
12:25603628:T:G_G,0.002111
12:25604860:T:C_C,0.002111
12:25606455:C:T_T,0.009576
12:25609359:T:C_C,0.002111
12:25617158:T:A_A,0.002111
12:25620753:G:A_A,0.001513
12:25621606:C:A_A,0.001513
12:25622441:G:A_A,0.001513
12:25624371:C:T_T,0.001513
12:25625503:G:C_C,0.0003813
12:25626076:T:A_A,0.001513
12:25628017:C:T_T,0.001513
12:25714686:C:G_C,0.002617
rs829043_C,0.003805
12:25728676:G:T_G,0.003805
12:25729001:C:T_C,0.001122
12:25730785:G:A_G,0.00458
12:25738937:T:A_T,0.0007167
12:25739159:T:A_T,0.0007167
12:25745687:C:T_T,0.001001
12:25745772:G:A_A,0.001039
12:25746398:G:A_A,0.001001
rs1849015_T,0.001039
12:25748132:T:C_T,0.0008997
12:25749163:G:A_G,0.0007817
rs1600351_C,0.001649
12:25750050:T:C_C,0.001039
12:25751589:G:T_G,0.0005546
12:25751623:TA:TAA_TAA,0.008945
12:25751987:G:A_A,0.001001
12:25752099:A:G_G,0.001039
12:25752207:A:T_A,0.0008997
12:25752424:T:C_C,0.001001
12:25754216:G:A_A,0.001039
12:25755193:A:C_C,0.001001
12:25756173:C:G_G,0.001039
12:25756702:G:T_G,0.0008997
12:25756880:TG:TGG_TGG,0.001039
12:25757362:A:G_A,0.0005546
12:25757498:G:T_T,0.001039
12:25758324:C:T_C,0.0008997
12:25759047:T:C_C,0.001163
12:25759330:C:A_A,0.001219
12:25759477:G:C_G,0.0008997
12:25759802:C:T_T,0.001163
12:25760093:A:C_C,0.001163
12:25760574:G:A_G,0.0005546
12:25760839:T:C_C,0.001163
12:25761069:T:C_C,0.001039
12:25761070:G:A_A,0.001039
12:25761249:G:A_A,0.001163
12:25762024:C:T_C,0.0005546
12:25764157:T:C_C,0.001219
12:25764677:T:G_G,0.001219
12:25764705:G:A_G,0.0005546
12:25764906:G:A_G,0.0008997
12:25765290:C:T_T,0.001163
12:25766710:GAGAGAAAGTATTTGGAAAT:G_GAGAGAAAGTATTTGGAAAT,0.0004769
12:25766729:T:G_T,0.0005546
12:25767170:C:G_C,0.0008997
12:25768113:G:C_C,0.001163
12:25769011:A:G_G,0.001163
12:25769296:A:C_C,0.001039
12:25769795:A:G_G,0.001163
12:25769919:T:C_T,0.0004071
12:25789233:AC:A_A,0.009946
12:25811212:G:A_A,0.009692
12:25819714:G:T_T,0.009692
12:25819974:G:A_A,0.009692
12:26329551:TCTC:T_T,0.005051
12:26860830:CA:C_C,0.00674
12:27438034:A:G_G,0.002629
12:27952660:C:T_T,0.006017
12:27977394:CAA:C_C,0.008834
12:28142456:G:A_A,0.009049
12:28160328:G:C_C,0.003489
12:28299721:G:A_A,0.008191
12:28319994:G:C_C,0.008191
12:28346216:C:T_T,0.008191
12:28362336:G:A_A,0.008191
12:28412037:A:G_G,0.003344
12:28423056:TG:T_T,0.008191
12:28425802:A:C_C,0.008191
12:28445556:G:GT_GT,0.003344
12:28455804:A:C_C,0.003344
12:28514913:A:G_G,0.009692
12:28515881:A:T_T,0.009692
12:28529180:T:A_A,0.006017
12:28559969:A:G_G,0.006017
12:28576695:T:A_A,0.008191
12:29796624:T:TTA_TTA,0.002914
12:30631388:T:C_C,0.004689
12:30946949:CA:C_C,0.005355
12:30960858:T:G_G,0.005355
12:31043582:T:C_C,0.007943
12:31045286:G:T_T,0.007943
12:31050560:C:T_T,0.007053
12:31050839:T:C_C,0.007053
12:31050935:C:T_T,0.007745
12:31051185:C:A_A,0.007745
12:31058056:T:G_G,0.007053
rs1779735_C,0.008498
12:32084220:CA:C_C,0.009381
12:32084747:C:T_T,0.009381
12:32118823:C:CA_CA,0.009456
12:32495062:A:ATATATATATGTGTG_ATATATATATGTGTG,0.006541
12:32496787:T:C_C,0.009676
12:32498856:A:G_A,0.006041
12:32503260:A:T_A,0.00953
12:32503542:G:A_G,0.007692
12:32504500:A:AC_A,0.00953
12:32504511:C:T_C,0.00953
12:32506857:G:A_A,0.00953
12:32508765:G:A_A,0.00953
12:32511211:T:A_A,0.007692
12:32512441:ATAACCCATGAATCCAT:A_A,0.007692
12:32513802:C:T_T,0.007692
12:32514324:C:T_C,0.007692
12:32639992:T:C_C,0.003881
rs10844219_A,0.007742
12:32644302:A:T_T,0.008533
12:32645755:G:C_G,0.00881
12:32715500:G:T_T,0.003064
12:32715501:C:T_T,0.003064
12:32715921:C:T_T,0.007151
12:32716708:G:A_A,0.003064
12:32716845:G:A_A,0.003064
12:32722035:C:A_A,0.007151
12:32726123:G:A_A,0.007151
12:32726284:C:CTGTAA_CTGTAA,0.007151
12:32732224:C:T_T,0.003064
12:32736729:C:G_G,0.003064
12:32736829:A:C_C,0.003064
12:32740162:G:A_A,0.003064
12:32741893:G:A_A,0.003064
12:32755622:T:C_C,0.003064
12:32756608:C:T_T,0.00441
12:32757279:T:C_C,0.003064
12:32759079:A:T_T,0.003064
12:32762242:A:G_G,0.002692
12:32766195:T:C_C,0.004084
12:32772290:C:T_T,0.004084
12:32785943:A:G_G,0.004084
12:32790326:C:G_G,0.004084
12:32800127:C:T_T,0.004084
12:32800247:A:G_G,0.004084
12:40732123:C:T_C,0.006977
12:40732394:T:C_T,0.006977
12:40732480:G:C_G,0.006977
12:40732730:C:G_C,0.006977
12:40733082:A:G_A,0.006977
12:40733564:T:G_T,0.006977
12:40734583:T:C_T,0.006977
12:40734916:C:A_C,0.006977
12:40735764:T:C_T,0.006977
12:40735804:T:G_T,0.006977
12:40736010:A:G_A,0.006977
12:40736043:T:A_T,0.006977
12:40736405:C:T_C,0.006977
12:40736782:C:T_C,0.006977
12:40737002:G:A_G,0.006977
12:40737059:C:CTCAG_C,0.006977
12:40737075:C:T_C,0.006977
12:40737115:G:T_G,0.006977
rs4768231_G,0.006977
12:40737240:C:T_C,0.006977
12:40737803:A:G_A,0.006977
12:40737908:C:T_C,0.006977
12:40739727:C:T_C,0.006977
12:40739852:A:T_A,0.006977
12:40739989:CT:C_CT,0.006977
12:40740828:AT:A_AT,0.006977
12:40741821:A:G_A,0.006977
12:40742073:C:T_C,0.006977
12:40742689:T:C_T,0.006977
12:40742876:A:T_A,0.006977
12:40743311:TTTC:T_TTTC,0.006977
12:40743360:GGCTGGAGT:G_GGCTGGAGT,0.006977
12:40743788:C:T_C,0.006977
12:40743830:G:A_G,0.006977
12:40744086:A:T_A,0.006977
12:40744145:C:A_C,0.006977
12:40744183:G:A_G,0.006977
12:40744394:G:T_G,0.006977
12:40744491:C:T_C,0.006977
12:40745914:T:C_T,0.006977
12:40745955:C:T_C,0.006977
12:40746455:A:G_A,0.006977
12:40746676:C:T_C,0.006977
12:40746849:C:T_C,0.006977
12:40746867:C:T_C,0.006977
12:40746882:G:A_G,0.006977
12:40746913:T:C_T,0.006977
12:40746960:T:C_T,0.006977
12:40747028:C:T_C,0.006977
12:40747045:A:G_A,0.004433
12:40747046:A:G_A,0.006977
12:40747081:G:A_G,0.003424
12:40747085:A:G_A,0.003424
12:40747146:A:G_A,0.006977
12:40747242:C:A_C,0.006977
12:40747317:AG:A_AG,0.008919
12:40747534:G:C_G,0.006977
12:40747772:G:C_G,0.006977
12:40747929:C:T_C,0.006977
12:40748395:G:A_G,0.006977
12:40748547:A:G_A,0.006977
12:40749172:G:A_G,0.006977
12:40749197:A:G_A,0.006977
12:40749218:G:C_G,0.006977
12:40749349:CTT:C_CTT,0.006977
12:40750295:GA:G_GA,0.006977
12:40750549:T:A_T,0.006977
12:40750820:A:G_A,0.006977
12:40751165:CTT:C_CTT,0.006977
12:40752820:TTTG:T_TTTG,0.006977
12:40753303:A:G_A,0.006977
12:40754412:A:G_A,0.006977
12:40754679:CTGCCTAT:C_CTGCCTAT,0.006977
12:40754697:G:A_G,0.006977
12:40754782:T:G_T,0.006977
12:40755044:TTACA:T_TTACA,0.006977
12:40755416:G:A_G,0.006977
12:40755476:A:T_A,0.006977
12:40756248:A:G_A,0.00986
12:40756472:C:A_C,0.00986
12:40766722:C:CTGAG_C,0.004426
12:40766904:C:G_C,0.007505
12:40767990:G:C_G,0.007505
12:40767992:T:C_T,0.007505
12:40769062:A:T_A,0.007505
12:40773282:C:T_C,0.009102
12:40774423:C:CAAG_C,0.004426
12:40775279:C:CT_C,0.006026
12:40780360:C:G_C,0.004426
12:40781263:A:G_A,0.009102
12:40783015:T:TC_T,0.004426
12:40804386:A:G_A,0.009063
12:40809387:G:T_G,0.009063
12:40812764:A:G_A,0.009063
12:40814452:G:A_G,0.009063
12:40815548:T:A_T,0.009063
12:40821176:G:A_G,0.009063
12:40824582:G:A_G,0.009063
12:40825169:G:A_G,0.009063
12:41062633:G:C_C,0.009049
12:41630756:T:G_G,0.006357
12:41723032:T:C_C,0.00793
12:41723041:T:C_C,0.00793
12:42140635:T:C_C,0.005126
12:42140826:T:C_C,0.005126
12:42144304:G:T_T,0.005126
12:42146732:GT:G_G,0.005126
12:42151813:G:C_C,0.005126
12:42152016:T:C_C,0.005126
12:42153337:C:T_T,0.005126
rs6582362_T,0.00343
12:42156791:T:C_C,0.00274
12:42157239:G:GA_GA,0.003396
12:42157840:A:G_G,0.005776
12:42159517:G:T_T,0.005776
12:42159641:T:C_C,0.005776
12:42162902:C:G_G,0.005776
12:42163837:T:C_C,0.005776
12:42164144:T:C_C,0.005776
rs1497187_A,0.007318
12:42167523:T:C_C,0.005776
12:42170693:C:G_G,0.005776
12:42170773:G:A_A,0.005776
12:42172480:G:A_A,0.005776
12:42173738:A:G_G,0.005776
12:42175755:T:TA_TA,0.004804
12:42175814:A:T_T,0.004804
12:42176286:C:T_T,0.005776
12:42176642:T:C_C,0.005776
12:42177315:G:GA_GA,0.005776
12:42178120:T:C_C,0.003066
12:42178305:T:A_A,0.003066
12:42178317:T:C_C,0.003066
12:42178976:G:A_A,0.005776
12:42179472:G:A_A,0.005776
12:42179734:C:T_T,0.005776
12:42180370:G:GTGTT_GTGTT,0.003066
12:42181605:C:T_T,0.007891
12:42181965:TAA:T_T,0.003066
12:42183000:T:G_G,0.007891
rs7132979_T,0.007891
12:42183297:G:C_C,0.007891
12:42183871:T:G_G,0.005776
12:42185355:T:C_C,0.007891
12:42185816:C:T_T,0.007891
12:42186317:C:T_T,0.007891
12:42187628:C:T_T,0.007891
12:42189272:T:C_C,0.005776
12:42189291:C:T_T,0.005776
12:42192485:A:T_T,0.005776
12:42195787:G:A_A,0.005776
12:42195846:G:A_A,0.005776
12:42197709:T:A_A,0.005776
12:42198313:C:T_T,0.005776
12:42198442:C:G_G,0.005776
12:42198945:A:G_G,0.005776
12:42201639:C:A_A,0.005776
12:42203581:A:G_G,0.005776
12:42207911:G:A_A,0.005776
12:42208251:C:T_T,0.0008025
12:42209925:T:C_C,0.005776
12:42212344:C:T_T,0.005776
12:42213876:C:A_A,0.005776
12:42214319:T:C_T,0.001979
12:42215037:C:T_C,0.001979
12:42215832:T:C_T,0.001979
12:42216635:T:A_A,0.005776
12:42217063:A:G_G,0.005776
12:42219874:A:T_T,0.005776
12:42220309:G:A_A,0.005776
12:42221563:A:AG_AG,0.005126
12:42284263:G:T_G,0.0004409
12:43986895:A:G_G,0.009049
12:43996382:C:T_T,0.003489
12:44420974:T:G_G,0.003898
12:44420979:T:G_G,0.003898
12:44420984:T:G_G,0.003898
12:44420989:T:G_G,0.003898
12:44424342:A:C_C,0.006553
12:44448324:C:G_G,0.006553
12:44451946:AT:A_A,0.002151
12:44457226:A:G_G,0.006553
12:44469307:T:C_C,0.005355
12:44486841:T:TG_TG,0.006553
12:44489048:T:C_C,0.006553
12:44491524:G:C_C,0.006553
12:44492918:A:AT_AT,0.006553
12:44494570:G:T_T,0.006553
12:44509208:T:A_A,0.006553
12:44518867:T:C_C,0.006553
12:44520308:T:C_C,0.006553
rs7968824_T,0.006553
12:44573063:TACACAATTGGCTC:T_T,0.006553
12:44575194:C:G_G,0.006553
12:44629954:CAT:C_C,0.005162
12:44676089:A:G_G,0.009946
12:44676138:C:T_T,0.009946
12:45473948:TACAC:T_TACAC,0.009049
12:46605959:G:A_G,0.004173
12:46607280:C:T_C,0.008067
12:46608080:G:C_G,0.008067
rs4768107_G,0.008067
rs4768108_G,0.002194
12:46613729:T:C_T,0.008067
12:46613819:C:T_C,0.008067
12:46614641:C:T_C,0.002194
12:46617443:TA:T_TA,0.002194
12:46618715:T:C_T,0.002194
12:46620400:CTTTTTTTTTTTTT:C_CTTTTTTTTTTTTT,0.005507
12:46622269:A:T_A,0.002194
12:47732944:A:G_A,0.001494
12:47743911:C:CA_CA,0.009247
12:47792296:TA:T_T,0.006322
12:47862478:A:AT_AT,0.003443
12:48321699:A:G_G,0.001128
12:48322271:C:G_G,0.001128
12:48327313:TA:T_T,0.004226
12:48330017:C:CT_CT,0.006159
12:48334455:AT:A_A,0.002749
12:48336619:A:C_A,0.002518
12:48337317:C:G_G,0.003754
12:48338196:C:T_T,0.002466
12:48338746:C:T_T,0.002466
12:48341722:G:T_G,0.008907
12:48345506:C:A_C,0.004953
12:48356881:C:T_C,0.008485
12:48792747:A:G_A,0.0002606
12:48793008:T:C_T,0.0007586
12:48796696:T:C_T,0.0007586
12:48798429:T:C_T,0.0004377
12:48799121:T:C_T,0.001037
12:48800904:A:T_A,0.001037
12:48801925:C:G_C,0.001037
12:48802118:T:C_T,0.001037
12:48802119:G:A_G,0.001037
12:48804005:T:TG_T,0.001037
12:48806359:T:G_T,0.0007586
12:48808417:T:C_T,0.0007586
12:48808496:G:A_G,0.0007586
12:48814369:C:T_C,0.001388
12:48815133:A:AG_A,0.001388
12:48827973:A:G_A,0.001235
12:48830801:T:TAAAGAAGA_T,0.001235
rs10875815_A,0.001235
12:48835554:T:C_T,0.001235
12:48836889:T:G_T,0.003579
12:48838969:T:A_A,0.002629
12:48839401:C:T_T,0.002629
12:48841057:G:A_A,0.002629
12:48842592:C:T_T,0.002629
12:48843912:A:C_C,0.007113
12:48844318:A:G_G,0.007113
12:48844656:T:C_C,0.007113
12:48845441:T:A_A,0.007113
12:48846277:TTAAAC:T_T,0.002629
12:48846388:C:G_G,0.002629
12:48848115:G:A_A,0.007113
12:48848242:C:T_T,0.007113
12:48848640:A:G_G,0.003403
12:48848721:G:A_A,0.007113
12:48850424:G:T_T,0.002629
12:48851427:A:G_G,0.003579
rs11168586_T,0.002629
12:48854243:G:A_A,0.004533
12:48856773:G:A_A,0.004533
12:48858362:T:C_C,0.004533
12:48858935:A:G_G,0.004533
12:48862238:A:G_G,0.004533
12:48862372:TACA:T_T,0.002629
12:48862538:T:A_A,0.002629
12:48863227:T:C_C,0.002629
12:48865079:C:T_T,0.002629
12:48865501:C:T_T,0.004533
12:48865760:T:C_C,0.004533
12:48868211:C:T_T,0.002629
12:48870424:G:C_C,0.002629
12:48870495:TGCACCCAATACAGGA:GGCACCCAATACAGGA_GGCACCCAATACAGGA,0.002629
12:48872845:C:T_T,0.002629
12:48874763:C:T_T,0.004533
12:48874836:A:C_C,0.002629
12:48876223:T:C_C,0.004533
12:48876902:T:G_G,0.004533
12:48877056:T:C_C,0.002629
12:48877400:G:A_A,0.002629
12:48879951:T:G_G,0.002369
12:48880723:C:T_T,0.003579
12:48881492:A:G_G,0.002369
12:48881891:A:G_G,0.003579
12:48883020:G:T_T,0.003579
12:48883468:G:T_T,0.003579
12:48885692:T:C_C,0.002107
12:48887997:T:C_C,0.002651
exm998480_T,0.002301
12:48888689:C:G_C,0.0006743
12:48888900:T:G_G,0.005455
12:48889908:G:A_A,0.002848
12:48890886:T:C_C,0.002848
12:48890995:C:A_A,0.005507
12:48892689:G:T_T,0.002301
12:48895384:T:C_C,0.002301
12:48903304:C:T_T,0.004184
12:48905998:C:T_T,0.002848
12:48907029:C:T_T,0.002301
12:48908397:A:G_G,0.002848
12:48909045:C:T_T,0.002848
12:48910974:G:T_T,0.004343
12:48912962:T:A_A,0.002301
12:48913595:CT:C_C,0.002723
12:48914532:G:A_A,0.002301
12:48918867:T:C_C,0.002461
12:48918967:G:A_A,0.002301
12:48919213:T:G_G,0.002301
exm998501_C,0.002461
12:48919660:G:A_A,0.002301
12:48919793:T:C_C,0.002848
exm998510_T,0.002461
12:48920942:CATT:C_C,0.002848
12:48921160:C:T_T,0.002461
12:48921394:AACT:A_A,0.002461
12:48921533:C:T_T,0.002461
12:48922802:T:C_C,0.002301
12:48923232:A:G_G,0.002461
12:48923506:G:A_A,0.002301
12:48923774:G:A_A,0.003066
12:48924675:T:C_C,0.003066
12:48925236:C:T_T,0.00287
12:48925724:A:C_C,0.004226
12:48925733:A:T_T,0.004226
12:48925862:A:T_T,0.004226
12:48926042:A:C_C,0.004799
12:48926268:A:T_T,0.00287
12:48926277:C:CA_CA,0.004226
12:48926792:C:A_A,0.004226
12:48926929:A:G_G,0.004799
12:48927197:A:C_C,0.00287
12:48927514:A:G_G,0.004226
rs4409884_G,0.004226
12:48927708:G:A_A,0.00287
12:48927924:C:CA_CA,0.004799
12:48928708:G:A_A,0.004226
12:48928826:G:A_A,0.004226
12:48929072:T:C_C,0.004226
12:48929190:A:T_T,0.00287
12:48930023:A:G_G,0.00287
12:48930043:AG:A_A,0.004799
12:48930162:T:TA_TA,0.001346
12:48930900:C:T_T,0.00287
12:48931582:TG:T_T,0.003558
12:48933233:C:T_T,0.003558
12:48933605:G:C_C,0.003558
12:48933883:CA:C_C,0.0005106
rs4492859_T,0.005919
12:48935730:C:G_C,0.002293
12:48936530:TTA:T_TTA,0.001721
12:48937397:G:C_G,0.002293
12:48937510:G:A_A,0.003558
12:48938380:G:A_A,0.003558
12:48938971:G:A_A,0.003558
12:48939107:C:G_G,0.003558
12:48940622:CTT:CT_CT,0.003218
12:48942679:C:G_C,0.005919
12:48943499:G:A_A,0.003558
12:48943909:A:G_G,0.003558
12:48944340:G:T_G,0.005919
12:48944393:A:T_T,0.004386
12:48945742:T:C_T,0.005919
12:48946796:G:A_A,0.003558
12:48948053:C:G_G,0.003558
12:48949524:A:G_A,0.004799
12:48949608:A:G_G,0.003558
12:48951607:C:T_T,0.003558
12:48952204:A:G_A,0.004799
12:48953368:C:T_T,0.003558
12:48953466:A:G_A,0.004799
12:48953504:G:A_A,0.003558
12:48955571:A:C_C,0.003558
12:48961390:A:C_C,0.009618
12:49101042:G:A_A,0.003489
12:50276417:G:A_A,0.009049
12:50458096:G:T_T,0.009606
12:50469467:A:G_G,0.009606
12:50507086:AT:A_A,0.00349
12:50512293:G:A_A,0.008141
12:50515765:T:C_C,0.007562
12:50515808:C:T_T,0.008141
12:50520841:G:A_A,0.008141
12:50526491:A:AGAGTGT_AGAGTGT,0.006726
12:50526814:G:A_A,0.006726
12:50528686:GA:G_G,0.009944
12:50529014:C:T_T,0.009944
12:50531968:T:C_C,0.009944
12:50532188:G:GA_GA,0.009944
12:50534159:A:C_C,0.009944
12:50534842:T:A_A,0.009944
12:50535710:A:G_G,0.009944
12:50535955:C:T_T,0.006726
12:50537060:C:G_G,0.005594
12:50537187:C:CTTG_CTTG,0.005594
12:50538625:A:G_G,0.005594
12:50539264:A:G_G,0.005594
12:50539764:G:C_C,0.005594
12:50541810:G:A_A,0.005594
12:50543422:T:C_C,0.005594
12:50547528:A:G_G,0.005594
12:50549381:G:A_A,0.004581
12:50550044:G:A_A,0.005594
12:50550543:G:A_A,0.005594
rs10876006_A,0.005594
12:50554967:G:T_T,0.005594
12:50555939:A:G_G,0.005594
12:50556633:C:T_T,0.005594
12:50561359:G:C_C,0.001935
12:50562504:C:CATGAGGTCAGGAGA_CATGAGGTCAGGAGA,0.001935
12:50562980:T:A_A,0.007055
12:50566658:C:T_T,0.008574
12:50568552:C:T_T,0.008574
12:50568920:G:A_A,0.008574
12:50569376:A:AT_AT,0.008574
12:50569466:TAA:T_T,0.008574
12:50579398:C:T_T,0.0003587
12:50583872:C:T_T,0.003374
12:50584495:T:C_C,0.003374
12:50588083:T:A_A,0.0062
rs7300549_A,0.0062
12:50601155:C:T_T,0.003953
12:50611311:T:A_A,0.002117
12:50639782:C:T_T,0.0003898
12:50641931:TA:T_T,0.0003898
12:50642314:A:G_G,0.0003898
12:50643958:A:G_G,0.0003898
rs7302422_A,0.0003898
12:50649919:C:T_T,0.000474
12:50650041:A:C_C,0.0008181
12:50654894:G:A_A,0.0006488
12:50657641:T:A_A,0.008244
12:50657642:A:G_G,0.008244
12:50657686:G:GTA_GTA,0.0006488
12:50663386:G:A_A,0.001686
12:50677100:C:A_A,0.0003898
12:50677434:G:C_C,0.0006488
exm1002264_T,0.002357
12:50731698:TAAAC:T_T,0.002597
12:50777573:C:A_A,0.003607
12:50778304:C:T_T,0.003607
12:50784312:T:G_G,0.004547
12:50795977:GT:GTT_GTT,0.002357
12:50823878:G:A_A,0.0004893
12:50824232:A:G_G,0.0006757
12:50840489:C:T_T,0.001763
12:50881148:A:C_C,0.000605
12:50882521:C:T_T,0.001669
12:50883158:T:C_T,0.001167
12:50883358:C:A_A,0.000605
12:50885423:C:CT_C,0.004748
12:50885681:C:T_T,0.001669
12:50886390:G:C_G,0.002131
12:50886680:G:A_G,0.002131
12:50887277:G:A_A,0.001204
12:50887290:C:T_C,0.002131
12:50891143:T:C_C,0.000605
12:50891144:A:G_G,0.000605
12:50892959:A:ATT_A,0.005562
12:50902077:G:A_A,0.0003825
12:50904144:A:G_G,0.0003825
12:50909996:ATCTC:A_A,0.0003825
12:50920510:C:A_A,0.0003825
12:50922336:T:G_G,0.0003825
12:50923705:A:G_A,0.001415
12:50924887:G:C_C,0.0003825
12:50925285:C:G_G,0.0003825
12:50926485:C:A_A,0.0003825
12:50929151:AT:A_A,0.002092
12:50930357:G:GT_G,0.0008732
12:50930475:C:T_T,0.0003825
12:50932336:A:G_G,0.0003825
12:50933607:C:G_G,0.0003825
12:50934015:C:T_T,0.0003825
12:50934035:T:C_C,0.0003825
12:50934785:A:G_G,0.0003825
12:50937105:C:T_T,0.0003825
12:50937149:C:T_T,0.0003825
12:50937228:A:G_G,0.0003825
12:50938424:T:G_G,0.0003825
12:50941025:C:T_T,0.0003825
12:50944380:C:T_T,0.0003825
12:50945473:C:T_T,0.0003825
12:50946295:C:T_T,0.0003825
12:50946903:G:A_A,0.0003825
12:50947729:G:T_G,0.001415
12:50948517:G:A_A,0.000302
12:50948782:A:AC_AC,0.0003825
12:50948886:A:T_T,0.0003825
12:50950695:G:A_A,0.0003825
12:50952022:A:G_G,0.0003825
12:50952524:C:A_A,0.0003825
12:50952797:T:C_C,0.0003825
12:50953492:C:CCA_CCA,0.0004107
12:50956266:C:T_T,0.0003825
12:50957581:AT:A_A,0.000302
12:50957669:A:AT_AT,0.0003825
rs11169493_G,0.0003825
12:50960289:A:C_C,0.0003825
12:50960308:C:T_T,0.0003825
12:50960480:C:T_T,0.0004823
12:50960723:C:G_G,0.0003825
12:50961023:G:A_A,0.001415
12:50961314:C:CT_CT,0.0003825
12:50964076:A:G_G,0.0003825
12:50964494:A:G_G,0.001415
12:50965024:G:A_A,0.0003825
12:50965521:G:C_C,0.0003825
12:50965630:C:T_T,0.0003825
12:50966980:G:A_A,0.0003825
kgp726713_C,0.0002276
12:50968351:G:GAC_GAC,0.0003825
12:50968685:G:A_A,0.0003825
12:50969159:T:G_G,0.0007692
12:50969179:T:G_G,0.0003871
12:50969406:A:T_T,0.0002276
12:50969875:G:A_A,0.0003825
12:50969929:T:G_G,0.0003825
12:50972085:C:T_T,0.0003825
12:50972132:TTTTG:T_T,0.0003825
12:50972448:A:G_G,0.0003825
12:50972537:C:T_T,0.0003825
12:50973501:T:C_C,0.0007916
12:50973897:G:C_C,0.0007188
12:50974541:G:C_C,0.0007188
12:50978255:G:A_A,0.0003825
12:50979905:A:G_G,0.0003825
12:50979932:C:T_T,0.0003825
12:50980504:T:C_C,0.001415
12:50981249:C:G_G,0.0003825
12:50981785:T:G_G,0.0003825
12:50981919:C:CT_CT,0.0003825
12:50987027:C:T_T,0.0003825
12:50987378:G:A_A,0.0003825
12:50990850:C:A_A,0.001523
12:50993097:A:G_G,0.001523
12:50997591:A:C_C,0.0003825
12:50998386:A:T_T,0.002853
12:51000666:T:A_A,0.0003825
12:51000891:C:CT_CT,0.001163
12:51002088:A:C_C,0.0003825
12:51002893:C:G_G,0.0003825
12:51004109:A:G_G,0.0003825
12:51004978:C:T_T,0.001415
12:51006268:G:C_C,0.0003825
12:51007013:T:C_C,0.0007405
12:51010092:T:C_C,0.0003825
12:51013559:G:C_C,0.0007405
12:51014420:C:CA_CA,0.0003825
rs11169507_A,0.0007405
12:51016450:G:A_A,0.0007405
12:51019633:TC:T_TC,0.002434
12:51022907:C:G_G,0.0007405
12:51025016:A:AT_AT,0.0007405
12:51025910:T:A_A,0.0007405
12:51026878:T:G_G,0.0002276
12:51028544:T:A_T,0.001415
12:51029266:C:A_A,0.0007405
12:51029835:G:T_T,0.0003825
12:51030709:C:T_T,0.0007405
12:51030764:G:A_G,0.001415
12:51036840:C:T_T,0.0007405
12:51039818:C:T_T,0.0003825
12:51041005:G:A_A,0.0007405
12:51041062:C:T_T,0.0007405
12:51045072:T:A_A,0.0003825
12:51045449:A:G_G,0.0003825
12:51047695:T:C_C,0.0003825
12:51049083:G:C_C,0.0003825
12:51049149:G:A_G,0.001415
12:51053515:C:T_T,0.0007405
12:51054950:A:G_G,0.0007405
12:51059560:A:G_G,0.0003825
12:51059691:T:C_C,0.0003825
12:51062257:C:G_G,0.0003825
rs2684908_T,0.001415
12:51070554:T:C_C,0.0004823
12:51078500:G:A_G,0.001415
12:51082254:G:A_G,0.001415
12:51083914:G:C_C,0.0007405
12:51084018:C:T_T,0.00229
12:51085471:A:G_G,0.0007188
12:51088054:G:A_A,0.0007405
12:51088287:AATACATAC:A_AATACATAC,0.002324
12:51095997:C:T_T,0.0007405
12:51096183:G:A_A,0.0007405
12:51097010:T:A_A,0.0007405
12:51102869:A:G_G,0.0007405
12:51105300:T:C_C,0.0003825
12:51106202:C:T_T,0.0007405
12:51106823:T:G_G,0.0007405
12:51110066:A:AAACT_AAACT,0.0007405
12:51114237:AT:A_A,0.0007405
12:51115582:C:T_C,0.001415
12:51115743:G:GTTGAAGGGGTGTGAGTT_GTTGAAGGGGTGTGAGTT,0.001154
rs17124930_G,0.0007405
12:51117229:A:G_G,0.0002276
12:51117994:A:G_G,0.0007405
12:51119307:A:G_G,0.0007405
12:51119935:G:A_A,0.0003825
12:51122572:T:TA_TA,0.0003825
12:51124161:CTCTCT:C_C,0.002594
12:51126792:G:A_A,0.0003825
12:51127621:C:G_G,0.0002831
12:51127738:T:C_C,0.0005442
12:51128414:G:A_G,0.0009952
12:51129260:G:GT_GT,0.0002831
12:51133823:C:T_T,0.0005442
12:51133937:T:C_C,0.0005442
12:51135940:G:A_A,0.0007405
12:51135956:G:A_A,0.0003825
12:51139279:A:G_G,0.0005442
12:51139692:T:G_G,0.0005442
12:51139803:C:A_A,0.0002831
12:51139892:C:T_T,0.0002831
12:51208603:CT:C_C,0.008836
12:51238221:A:G_A,0.002578
12:51238989:T:C_C,0.003185
12:51241685:T:A_A,0.001701
12:51242266:G:C_C,0.003185
12:51242403:C:T_T,0.003185
12:51242979:C:T_T,0.002111
12:51243077:G:A_A,0.002111
12:51243880:A:G_A,0.002529
12:51244109:A:C_A,0.003818
12:51244556:G:A_G,0.003818
rs829128_A,0.003818
12:51245177:C:T_C,0.003818
12:51246974:A:T_A,0.003818
12:51249204:A:G_A,0.003818
12:51249394:T:C_T,0.003818
12:51249932:A:G_A,0.003818
12:51250037:C:G_C,0.003818
12:51250057:A:G_A,0.003818
12:51250453:G:T_G,0.003818
12:51250801:A:T_A,0.003818
12:51251600:C:T_C,0.003818
12:51253119:C:A_C,0.003818
12:51253683:G:C_G,0.003818
12:51254423:T:C_C,0.004719
12:51254774:G:T_G,0.003818
12:51254848:G:A_G,0.003818
12:51256065:A:G_A,0.003818
12:51256095:C:G_C,0.003818
12:51257241:C:A_C,0.002458
12:51258481:A:G_A,0.003818
12:51259482:G:GA_GA,0.007093
12:51260727:A:T_A,0.003818
12:51261649:G:A_G,0.003818
12:51262745:G:T_G,0.003818
12:51262959:CA:C_CA,0.003818
12:51263053:C:T_C,0.003818
12:51264567:C:CAA_CAA,0.003818
12:51265159:G:A_A,0.003818
12:51265887:A:G_G,0.003818
12:51266062:C:T_T,0.003818
12:51266340:A:AT_AT,0.005801
12:51266356:A:G_G,0.003818
12:51266625:C:A_A,0.003818
12:51267537:T:C_C,0.003818
12:51267885:TA:T_T,0.003818
12:51268490:T:C_C,0.003818
12:51269235:T:C_C,0.003818
12:51271648:A:C_C,0.003818
12:51276063:T:C_C,0.0007972
12:51284594:A:G_G,0.003142
12:51293132:G:C_C,0.003217
12:51293590:A:G_G,0.003142
12:51293788:T:C_C,0.003142
12:51304856:T:C_C,0.002342
12:51305078:T:C_C,0.003517
12:51308219:A:T_T,0.002529
12:51308836:G:A_A,0.002529
12:51309739:A:G_G,0.002529
12:51311166:C:G_G,0.002342
rs10783405_C,0.002342
12:51311702:G:T_T,0.002529
12:51317235:CT:C_CT,0.005317
12:51489009:C:T_T,0.008814
12:52933045:T:G_G,0.002449
12:52943581:A:C_C,0.003146
12:52951123:A:AAAAT_AAAAT,0.00247
12:52954624:C:A_A,0.001082
12:52955033:G:A_A,0.001082
12:52955064:T:C_C,0.008793
12:52955555:G:A_A,0.001169
12:52955885:C:T_T,0.001169
12:52955957:A:G_G,0.008191
12:52956335:C:T_T,0.008263
12:52957391:A:G_G,0.001082
12:52957878:G:A_A,0.001169
12:52959045:G:A_A,0.001082
rs3088010_G,0.001082
12:52966368:C:T_T,0.002157
12:52984593:T:C_C,0.003354
12:53100435:T:C_C,0.007981
12:53101679:C:A_A,0.009668
12:53101889:C:G_G,0.009668
12:53101988:C:T_T,0.009668
12:53106546:G:A_A,0.009668
12:53108284:C:A_A,0.007055
12:53108683:A:C_A,0.007738
12:53108683:A:T_T,0.009668
12:53110991:G:A_A,0.007055
12:53111580:C:T_T,0.009668
12:53111700:G:A_A,0.009668
12:53117212:G:A_A,0.003613
12:53119335:G:A_A,0.004837
12:53120545:G:A_A,0.004837
12:53121748:A:G_G,0.005872
12:53126063:C:T_T,0.004369
12:53126815:G:A_A,0.006389
12:53128151:C:T_T,0.004369
12:53128333:C:T_T,0.004369
12:53129118:G:A_A,0.004369
12:53129165:G:A_A,0.004369
12:53129198:G:A_A,0.004369
12:53130533:G:A_A,0.004369
12:53131153:C:T_T,0.004369
12:53131288:G:T_T,0.004369
12:53134108:G:A_A,0.004369
12:53137617:A:T_T,0.004369
12:53140873:C:T_T,0.006389
12:53141022:C:A_A,0.004369
12:53141682:C:T_T,0.004369
12:53145997:A:AT_AT,0.009265
12:53147195:A:G_G,0.009265
rs4499050_T,0.009265
12:53159272:C:T_T,0.009265
12:53159399:A:C_C,0.009265
12:53371940:C:T_T,0.009845
12:53373962:C:T_C,0.009845
12:54572119:A:C_A,0.005835
12:54579085:C:G_C,0.007009
12:54580273:G:A_G,0.003931
12:54580283:A:G_A,0.007009
12:54580936:G:A_G,0.003931
rs2279402_A,0.003931
12:54581102:G:A_G,0.003931
12:54581314:G:A_G,0.003931
12:54581483:T:C_T,0.003931
12:54581571:A:AT_A,0.003776
12:54581614:T:C_T,0.003931
12:54582142:T:C_T,0.003931
12:54583115:A:G_A,0.003931
12:54583204:C:T_C,0.007009
12:54583537:A:G_A,0.003931
12:54584028:G:C_G,0.003931
12:54609358:G:A_A,0.009692
12:54649036:C:A_A,0.009049
12:54670248:T:C_C,0.009049
12:56894158:GT:G_G,0.009049
12:57979697:AT:A_AT,0.008701
12:57992447:G:A_A,0.009692
12:58065174:AT:A_A,0.007199
12:58067864:G:A_A,0.005429
12:58094274:G:A_A,0.005429
12:58117645:T:C_C,0.008607
12:58129302:A:AC_AC,0.007226
12:58206498:TCTTA:T_T,0.004756
12:58756924:C:T_T,0.006657
12:58758358:AT:A_A,0.006657
12:58758964:T:C_C,0.007984
12:58761336:C:T_C,0.006825
12:58763255:G:A_A,0.007984
12:58770346:T:G_T,0.007984
12:58772624:G:T_T,0.008984
12:58774948:T:C_T,0.007984
12:58778228:T:C_C,0.006825
12:58787588:G:T_G,0.007081
12:58793373:G:A_A,0.007291
12:58801594:A:G_G,0.004226
12:58825468:A:G_G,0.009596
12:58831510:A:C_A,0.009475
rs782107_G,0.009475
12:59918315:A:AT_A,0.001625
12:60416206:T:TA_TA,0.009049
12:61758172:C:T_T,0.006117
12:63058957:A:G_G,0.004187
12:63198549:A:G_G,0.009939
12:63295001:T:C_C,0.008191
12:63296805:T:C_C,0.009049
12:63298087:T:C_C,0.008191
12:63300594:A:G_G,0.008191
12:63300811:T:C_C,0.008191
12:63301564:T:C_C,0.008191
12:63304883:T:C_C,0.008191
12:63305284:C:A_A,0.008191
12:63305655:CAT:C_C,0.008191
12:63305949:A:G_G,0.008191
12:63307138:A:G_G,0.008191
12:63309505:A:C_C,0.008191
12:63343321:T:A_A,0.009347
12:63467459:G:A_A,0.006017
12:64267136:T:C_C,0.002493
12:64268005:C:T_T,0.002493
12:64268795:C:A_A,0.002493
12:64654937:T:G_G,0.003489
12:64961684:G:C_C,0.001323
12:64962459:C:G_G,0.003503
12:64963528:T:C_C,0.001159
12:64963658:C:T_T,0.0006023
12:64963697:G:A_A,0.0006023
12:64966695:T:C_C,0.0003544
12:64970096:C:A_C,0.003377
12:64971147:G:A_G,0.003377
12:64971764:C:T_C,0.004132
12:64973108:A:AT_AT,0.001656
12:64974773:C:CAT_C,0.0034
12:64975377:C:T_C,0.006876
12:64975569:CT:C_CT,0.003754
12:64975917:T:G_T,0.006876
12:64976850:T:C_T,0.005029
12:64978282:A:T_T,0.005671
12:64979013:T:C_C,0.0009543
12:64979800:T:C_T,0.003377
12:64979818:A:T_A,0.003377
12:64979998:A:G_A,0.004132
12:64980229:C:G_C,0.003377
rs1617260_G,0.005668
12:64982202:C:T_C,0.006304
12:64983845:CAAA:C_CAAA,0.002143
12:64984142:G:T_T,0.001211
rs1520765_C,0.00649
12:64984690:A:G_G,0.001211
12:64985255:T:TA_T,0.002475
12:64985469:A:T_T,0.001211
12:64985971:A:G_A,0.007127
12:64987093:T:C_T,0.007127
12:64987941:C:T_T,0.001211
12:64991683:C:T_T,0.0005713
12:64991692:C:A_A,0.0005713
rs1079470_T,0.0005713
12:64996951:T:G_G,0.001358
12:64997752:T:C_C,0.001169
12:64998758:A:T_T,0.001169
12:65002969:T:G_G,0.0005741
12:65004316:T:C_C,0.0003672
12:65004387:C:T_T,0.0003158
12:65005079:C:G_G,0.00273
12:65028887:C:T_T,0.0081
12:65029900:GT:G_G,0.009369
12:65031248:G:A_A,0.0081
12:65031846:G:A_A,0.0081
12:65031906:G:A_A,0.0081
12:65034025:C:T_T,0.0081
12:65034439:T:G_G,0.0081
12:65036318:C:T_T,0.0081
12:65036731:C:T_T,0.0081
12:65038211:C:G_G,0.0081
12:65042049:C:T_T,0.006348
12:65042504:G:A_A,0.006348
12:65042887:C:T_T,0.006348
12:65042971:G:GT_GT,0.005459
12:65043065:C:T_T,0.006348
12:65043403:G:A_A,0.006348
12:65044814:G:T_T,0.00737
12:65045034:T:G_G,0.00737
12:65046691:C:A_A,0.006348
12:65047179:T:A_A,0.00737
12:65049191:A:G_G,0.006348
12:65050154:G:A_A,0.006348
12:65051920:C:T_T,0.0081
12:65052710:T:C_C,0.009369
12:65053786:G:GTA_GTA,0.009369
12:65053826:G:GTA_GTA,0.006992
12:65053832:G:A_A,0.001985
12:65054758:A:C_C,0.0081
12:65055057:C:T_T,0.0081
12:65055315:C:T_T,0.0081
12:65055909:A:C_C,0.0081
12:65056231:T:A_A,0.0081
12:65057306:AT:A_A,0.005667
12:65057332:T:C_C,0.009369
12:65058541:A:G_G,0.0081
12:65058612:A:G_G,0.009369
12:65058626:G:C_C,0.0081
12:65059192:A:G_G,0.0081
12:65060145:C:CT_CT,0.0081
12:65060288:G:C_C,0.009369
12:65060364:G:A_A,0.0081
12:65060976:T:G_G,0.0081
12:65061137:C:T_T,0.0081
12:65061265:C:T_T,0.0081
12:65065169:C:T_T,0.0081
12:65065191:T:C_C,0.0081
12:65066245:T:A_A,0.009369
12:65068811:A:G_G,0.0081
12:65068834:C:G_G,0.0081
12:65072628:A:G_G,0.009369
12:65075332:T:G_G,0.009369
12:65076498:G:T_T,0.009369
12:65272928:A:G_G,0.009265
12:65273451:T:C_C,0.007702
12:65939890:G:A_A,0.008791
12:65940039:G:A_A,0.008791
12:65942370:G:A_A,0.0069
12:65942636:G:C_C,0.008363
12:65942646:T:C_C,0.008363
12:65943602:G:A_A,0.008363
12:65943894:A:C_C,0.008363
12:65944165:T:G_G,0.0069
12:65945532:T:A_A,0.0069
12:65948081:G:C_C,0.0069
12:65949460:A:G_G,0.0069
rs7134553_A,0.004003
12:65951908:T:C_T,0.008363
12:65952461:C:T_C,0.006117
12:65952795:T:C_T,0.006117
12:65953010:C:T_C,0.006117
12:65953534:C:T_C,0.004003
12:65953739:G:C_G,0.008363
12:65955706:G:T_G,0.006117
12:65956205:G:T_G,0.006117
12:65956457:C:G_C,0.004003
12:66597701:C:T_T,0.006992
12:66598560:A:G_A,0.005125
12:66598687:T:C_C,0.006992
12:66603399:C:T_T,0.006992
12:66605006:A:T_T,0.006992
12:66606228:C:T_T,0.006992
12:66613147:A:AAGATC_AAGATC,0.006992
12:66616913:C:T_T,0.006992
12:66618067:C:T_T,0.006992
12:67169686:G:A_A,0.009049
12:67297300:C:CA_CA,0.006755
12:67302369:ACACCCTCTTG:A_A,0.009692
12:67309018:AACTG:A_A,0.008024
rs2134833_C,0.004649
12:67351286:G:A_A,0.004649
12:67353131:T:A_A,0.004649
12:67355158:T:C_C,0.004649
12:67355606:G:T_T,0.004649
12:67356862:G:A_A,0.004649
12:67358025:A:T_T,0.004649
12:67358128:A:G_G,0.004649
12:67359254:A:G_G,0.004649
12:67361064:C:T_T,0.004649
12:67362159:C:CT_CT,0.004649
12:67363896:C:G_G,0.004649
12:67774292:TA:T_T,0.007292
12:67777751:G:A_A,0.007292
12:68005674:G:A_A,0.002255
12:68097448:TA:T_T,0.003286
12:68098463:C:T_C,0.002886
12:68294166:G:A_G,0.002976
12:68294761:A:G_A,0.001266
12:68304169:A:G_A,0.006055
12:68307790:C:T_T,0.007683
12:68312246:A:T_A,0.006055
rs3014996_A,0.006055
12:68315559:T:C_T,0.002357
12:68319817:T:A_T,0.008531
rs373291_A,0.006618
12:68777145:CCACACACA:C_C,0.006062
12:69602468:C:T_C,0.005952
12:70112852:G:A_A,0.006979
12:70117246:C:T_T,0.003445
12:70117410:G:A_A,0.003445
12:70118128:C:CT_CT,0.002288
12:70119398:G:T_T,0.003445
12:70120935:C:G_G,0.00266
12:70123318:T:G_G,0.00266
12:70123763:T:C_C,0.00266
12:70126743:G:T_T,0.003445
12:70127774:C:G_G,0.003445
12:70129739:T:C_C,0.003445
12:70132948:C:T_T,0.003445
rs11177823_G,0.003445
12:70142928:A:C_C,0.002276
12:70144506:CT:C_C,0.002276
12:70144508:T:C_C,0.002276
12:70146992:C:T_T,0.002276
12:70152310:A:G_G,0.002276
12:70153452:C:CTCCT_C,0.006682
12:70154759:A:G_G,0.002276
12:70159550:T:C_C,0.002276
12:70163844:C:CT_CT,0.002276
12:70173040:G:A_A,0.004234
12:70178374:T:C_C,0.004234
12:70183783:C:T_T,0.004234
12:70184638:A:G_G,0.004234
12:70185133:A:G_G,0.004234
12:70186095:T:C_C,0.004234
12:70190134:C:T_T,0.004234
12:70191943:C:T_T,0.004234
12:70195029:A:G_G,0.004234
12:70196578:T:A_A,0.004234
12:70199385:T:C_C,0.002567
12:70201659:C:T_T,0.004234
12:70203487:G:C_C,0.004234
12:70203729:G:A_A,0.004234
12:70204804:G:T_T,0.004234
12:70206956:T:C_C,0.004234
12:70207355:C:T_T,0.001837
12:70209475:A:C_C,0.004234
12:70210827:T:A_A,0.004234
12:70214497:G:T_T,0.004234
12:70215571:A:C_C,0.004234
12:70217764:GAT:G_GAT,0.001819
12:70218187:A:T_A,0.0008814
12:70218246:ACATATC:A_A,0.002039
12:70218488:T:A_A,0.001519
12:70224225:G:T_T,0.001519
12:70234558:G:A_A,0.001519
12:70234795:T:C_C,0.001519
12:70235059:G:A_A,0.001519
12:70235379:A:G_G,0.001519
rs7305307_C,0.001519
12:70236233:GT:G_G,0.001519
12:70240035:G:T_T,0.001519
12:70241740:T:C_C,0.001276
12:70242073:A:G_G,0.001276
12:70246240:A:G_G,0.001276
12:70247215:C:T_T,0.002465
12:70247953:G:C_C,0.00465
12:70252004:T:C_C,0.00465
12:70252826:T:A_A,0.001276
12:70255239:A:G_G,0.001276
12:70261217:A:T_T,0.002784
12:70262081:G:A_A,0.002784
12:70390662:A:G_G,0.009561
rs3125804_G,0.007916
12:70435179:G:GAA_GAA,0.007916
12:70435235:T:C_C,0.007916
12:70435332:C:T_T,0.007916
12:70438314:A:G_G,0.007916
12:70438647:G:C_C,0.007916
12:70439982:A:C_C,0.003514
12:70439983:G:A_A,0.004179
12:70467157:C:CA_CA,0.008793
12:70636350:T:G_G,0.00666
12:70660574:GTA:G_G,0.009692
12:70768639:TGA:T_T,0.009347
12:70777842:C:A_A,0.00666
12:70779554:C:T_T,0.00666
12:70974636:C:A_A,0.0009095
12:70988719:T:C_C,0.004799
12:71227112:A:G_G,0.007455
12:71289408:C:T_C,0.008067
12:71289556:G:A_G,0.00823
12:71295519:G:C_G,0.005809
12:71298279:A:T_T,0.0003794
12:71298864:TAGG:T_T,0.0005633
12:71301276:C:T_T,0.00004175
12:71305530:G:GA_GA,0.009109
12:71311106:G:A_A,0.00004175
12:71312487:T:A_A,0.00004175
12:71316301:G:A_A,0.00001506
12:71319848:C:CTT_CTT,0.00001506
12:71321955:TA:T_T,0.005221
12:71322275:G:T_T,0.000569
12:71323158:GT:G_G,0.0003642
12:71327124:C:A_A,0.0003642
12:71329471:G:A_A,0.0003642
12:71331320:C:T_T,0.0003642
12:71332066:T:A_A,0.0003642
12:71332262:C:T_T,0.0003642
12:71333596:A:G_G,0.0003642
12:71335602:T:TG_TG,0.000569
12:71338656:A:G_G,0.001003
12:71339058:T:G_G,0.00007763
12:71339810:G:A_A,0.001003
12:71341125:G:T_T,0.001003
12:71341147:G:A_A,0.001003
12:71341353:T:C_C,0.001003
12:71342270:G:A_A,0.001003
12:71342450:C:T_T,0.001003
12:71343448:C:T_T,0.001003
12:71343902:GTT:GT_GT,0.002191
12:71345028:A:G_G,0.001527
12:71345188:T:C_C,0.001003
12:71345261:T:C_C,0.001003
12:71345272:C:A_A,0.001527
12:71345416:A:C_C,0.001527
12:71345473:C:T_T,0.001003
12:71345646:A:G_G,0.001003
12:71345784:T:C_C,0.001527
12:71345837:A:G_G,0.001527
rs7970491_T,0.001003
12:71347088:C:A_A,0.001003
12:71347418:A:G_G,0.001003
12:71347651:C:T_T,0.001003
12:71349349:T:A_A,0.001003
12:71350705:A:G_G,0.001527
12:71351850:G:T_T,0.001527
12:71351867:C:T_T,0.001003
12:71352469:T:TA_TA,0.001003
12:71353876:T:C_C,0.001527
12:71354019:G:GT_GT,0.001527
12:71354831:A:G_G,0.001527
12:71354876:A:T_T,0.001527
12:71355944:A:C_C,0.001527
12:71355977:T:A_A,0.001527
12:71356178:C:T_T,0.001527
12:71357078:T:G_G,0.001527
12:71357539:T:C_C,0.001003
12:71358008:G:A_A,0.001527
12:71358136:A:C_C,0.001527
12:71358147:G:A_A,0.001003
12:71358169:GCA:G_G,0.001003
12:71358293:A:G_G,0.001003
12:71358526:T:A_A,0.001527
12:71359600:TG:T_T,0.001003
12:71360290:G:A_A,0.001527
12:71362700:C:T_T,0.001527
rs11178515_C,0.001527
12:71363052:T:A_A,0.001003
12:71363216:C:T_T,0.001003
12:71363780:T:A_A,0.001003
12:71363853:T:TA_TA,0.001527
12:71364392:C:T_T,0.001527
12:71366394:T:TA_TA,0.001527
12:71367507:C:A_A,0.001527
12:71368038:A:G_G,0.001527
12:71372377:C:CT_CT,0.001527
12:71373631:T:A_A,0.001003
12:71378466:A:G_G,0.001003
12:71379449:G:T_T,0.001003
12:71380227:G:T_T,0.0004832
12:71387389:GAA:GA_GA,0.005212
12:74086366:T:C_C,0.00336
12:74095664:T:G_G,0.00336
12:74101278:G:A_A,0.00336
12:74102274:G:T_T,0.00336
12:74116337:C:T_T,0.00336
12:74117248:A:C_C,0.00336
12:74130231:G:A_A,0.00336
12:74131740:A:G_G,0.00336
12:74138794:T:C_C,0.00336
12:74140624:TAAAACTC:T_T,0.00336
12:74144161:GA:G_G,0.00336
12:74146962:G:T_T,0.00336
12:74154190:G:A_A,0.00336
12:74154975:A:G_G,0.00336
12:74155803:T:C_C,0.00336
12:74163886:C:T_T,0.00336
12:74171655:C:T_T,0.00336
12:74173021:T:C_C,0.00336
12:74175874:G:A_A,0.00336
12:74178915:T:C_C,0.00336
12:74182573:C:A_A,0.00336
12:74183540:T:C_C,0.00336
12:74183559:C:T_T,0.00336
12:74184362:A:T_T,0.00336
12:74196805:T:C_C,0.00336
12:74196902:A:G_G,0.00336
12:74201361:A:G_G,0.00336
12:74201705:T:C_C,0.00336
12:74204381:T:C_C,0.00336
12:74206062:C:T_T,0.00336
12:74207309:A:G_G,0.00336
12:74208119:C:T_T,0.00336
12:74209086:C:T_T,0.00336
12:74211498:T:C_C,0.00336
12:74211600:T:C_C,0.00336
12:74213335:T:C_C,0.00336
12:74218042:G:A_A,0.00336
12:74219898:T:TTA_TTA,0.007809
12:74222513:G:A_A,0.00336
12:74223845:C:T_T,0.00336
12:74224427:G:A_A,0.00336
12:74231771:G:A_A,0.00336
12:74236987:T:C_C,0.00336
12:74238338:C:T_T,0.00336
12:74241979:G:A_A,0.00336
12:74243301:T:C_C,0.00336
12:74245367:C:T_T,0.00336
12:74249247:C:T_T,0.00336
12:74252956:AG:A_A,0.002151
12:74268851:T:G_G,0.002151
12:74271085:C:T_T,0.002151
12:74277186:T:A_A,0.002151
12:74277557:C:T_T,0.002151
12:74278669:C:A_A,0.002151
12:74281087:C:G_G,0.002151
12:74284078:ATTTTT:A_A,0.002151
12:74293620:T:C_C,0.002151
12:74294615:T:C_C,0.002151
12:74294697:G:A_A,0.002151
12:74299013:T:C_C,0.002151
12:74303243:A:G_G,0.002151
12:74306622:G:A_A,0.002151
12:74311712:G:A_A,0.002151
12:74322784:G:A_A,0.002151
12:74325792:T:C_C,0.002151
12:74330917:G:C_C,0.002151
12:74333621:G:A_A,0.002151
12:74337093:C:T_T,0.006687
12:74338787:C:T_T,0.002151
12:74345324:T:G_G,0.002151
12:74348619:C:A_A,0.002151
12:74348904:T:TAC_TAC,0.001248
12:74350539:A:G_G,0.002151
12:74352610:T:A_A,0.002151
12:74353750:A:G_G,0.002151
12:74356980:T:G_G,0.002151
12:74360640:C:A_A,0.002151
12:74360978:C:A_A,0.002151
12:74366606:C:A_A,0.002151
12:74368987:G:C_C,0.002151
12:74371922:G:A_A,0.002151
12:74374956:T:C_C,0.002151
12:74383786:T:TA_TA,0.001961
12:74392301:C:T_T,0.002151
12:74393000:TA:T_T,0.001961
12:74402818:A:G_G,0.001961
12:74407388:T:C_C,0.001961
12:74414323:T:C_C,0.002151
12:74419474:G:A_A,0.001961
12:74423168:A:G_G,0.002151
12:74424054:G:A_A,0.002151
12:74433083:A:G_G,0.002151
12:74435685:G:GGAAA_G,0.007709
12:74436663:C:T_T,0.00336
12:74442420:G:A_A,0.001408
12:74449371:A:G_G,0.001408
12:74454911:A:T_T,0.001408
12:74454937:C:T_T,0.001408
12:74460019:T:C_C,0.001408
12:74460439:C:A_A,0.001408
12:74466910:C:T_T,0.001408
12:74467396:G:A_A,0.001408
12:74467905:T:C_C,0.001408
12:74472786:G:T_T,0.001408
12:74476822:T:C_C,0.001408
12:74481378:T:C_C,0.001408
12:74484387:C:G_G,0.001408
12:74484536:C:T_T,0.001408
12:74484986:G:A_A,0.001408
12:74486750:T:C_C,0.001408
12:74488719:T:C_C,0.001408
12:74489764:T:C_C,0.001408
12:74491627:G:A_A,0.001408
12:74492568:T:C_C,0.001408
12:74493555:C:A_A,0.001408
12:74495006:A:G_G,0.001408
12:74495209:CTTCT:C_C,0.001408
12:74495388:A:G_G,0.001408
12:74501598:T:C_C,0.005429
12:74510145:A:T_T,0.001408
12:74510976:C:T_T,0.001408
12:74512140:A:G_G,0.001408
12:74513151:A:C_C,0.001408
12:74514939:A:G_G,0.001408
12:74520617:T:G_G,0.001408
12:74521219:G:A_A,0.001408
12:74523219:G:A_A,0.001408
12:74525779:T:C_C,0.001408
12:74530389:T:G_G,0.001408
12:74530400:T:G_G,0.001408
12:74530410:C:A_A,0.001408
12:74530411:A:T_T,0.001408
12:74532289:T:C_C,0.001408
12:74533995:C:A_A,0.001408
12:74543795:C:T_T,0.001408
12:74545304:T:G_G,0.001408
12:74545608:GTA:G_G,0.001408
12:74555636:C:T_T,0.001408
12:74556765:T:A_A,0.001408
12:74570627:T:C_C,0.002379
12:74574220:A:G_G,0.002379
12:74580926:A:G_G,0.002379
12:74583250:CAATG:C_C,0.008269
12:74583323:G:T_T,0.002379
12:74583646:A:G_G,0.002379
12:74592298:A:G_G,0.002379
12:74600042:C:G_G,0.002379
12:74624665:T:A_A,0.002379
12:74949133:A:G_G,0.005429
12:75595764:A:G_G,0.009673
12:75621822:G:T_T,0.006457
12:76252048:T:TAAAAAAA_TAAAAAAA,0.009976
12:76423876:G:GA_GA,0.001423
12:76424114:C:A_A,0.001423
12:76433236:T:C_C,0.004093
12:76449900:T:C_T,0.005828
12:76451696:T:C_T,0.006436
12:76455714:T:C_T,0.005828
12:76459913:TAAATAAACAAAC:T_TAAATAAACAAAC,0.008102
12:76464637:A:G_A,0.005828
12:76473721:A:C_A,0.005828
12:76476956:A:G_A,0.005828
12:76479910:C:CT_C,0.005828
12:76488965:A:G_A,0.003154
12:76562671:G:A_A,0.003344
12:76570975:T:C_C,0.003344
12:76599077:T:C_C,0.003344
12:76667878:G:C_C,0.003489
12:76790982:AT:A_AT,0.006377
12:77395400:A:G_G,0.009355
12:77425742:C:T_T,0.002292
12:77426192:T:C_C,0.0009748
12:77427455:C:T_T,0.002292
12:77432902:G:C_C,0.002292
12:77754384:A:C_C,0.007709
12:77764024:C:A_A,0.007709
12:78282729:G:T_T,0.008303
12:78284337:G:T_T,0.006747
12:78284433:G:A_A,0.008752
12:78286631:G:A_A,0.003207
rs2045989_T,0.008607
12:78295183:C:T_T,0.008952
12:78297213:C:G_C,0.009944
12:78314364:C:G_C,0.009944
12:78324175:C:T_T,0.008952
12:78329389:G:A_G,0.00842
12:78340038:TGC:T_TGC,0.008149
12:78367551:T:A_A,0.00798
12:78400884:G:A_A,0.002633
12:78440330:T:A_A,0.009049
12:78454785:C:A_A,0.008191
12:78499267:G:A_A,0.009692
12:78524961:C:T_T,0.006852
12:78525994:CAATT:C_C,0.006852
rs17044922_G,0.006852
12:78544394:C:T_T,0.006852
12:78544843:T:TA_TA,0.008756
12:79475065:C:T_T,0.0007027
12:79567876:T:C_C,0.003946
12:79612794:C:T_T,0.003702
12:79617480:C:T_T,0.003702
12:79669236:G:A_A,0.001259
12:81294496:ATTGT:A_A,0.005429
12:82039282:C:A_C,0.007105
12:82214412:T:C_C,0.009692
12:83444475:GA:G_G,0.005218
12:83511173:T:C_C,0.009183
12:83511410:T:C_C,0.007188
rs7956999_C,0.007188
12:83512859:A:G_G,0.007188
12:83514395:G:A_A,0.009183
12:83515848:C:T_T,0.00454
12:83515925:C:T_T,0.003709
12:83516029:A:G_G,0.005796
12:83516152:A:G_G,0.005165
12:83761547:C:T_T,0.00561
12:85064821:C:CA_CA,0.005681
12:85230715:C:T_T,0.009692
12:85232144:C:A_A,0.009692
12:85233219:C:T_T,0.009692
12:85233347:G:A_A,0.009692
12:85233521:A:G_G,0.009692
12:87167721:TC:T_TC,0.006795
12:87733801:C:T_T,0.009561
12:88074144:C:T_T,0.008743
12:88118683:T:C_C,0.008743
12:88141324:AT:A_A,0.003036
rs1381143_A,0.009423
12:89363909:T:C_C,0.009183
12:89370072:T:C_C,0.00802
12:89377792:C:T_T,0.00802
12:89381246:A:T_T,0.00802
12:89384117:A:G_G,0.00802
12:89388031:T:A_A,0.008582
12:89391032:T:G_G,0.005503
12:89464050:C:T_T,0.002369
12:89466335:C:T_T,0.002369
12:89586888:C:A_A,0.001039
12:89779196:C:T_T,0.00686
12:89779344:A:G_G,0.009319
12:89779937:T:A_A,0.006398
rs7305095_T,0.00686
12:89783985:C:T_C,0.005597
12:89825122:G:T_G,0.001702
12:89826210:G:T_G,0.003235
12:89828571:C:T_C,0.003235
12:89828731:C:T_C,0.003235
12:89828956:CT:C_CT,0.001442
12:89830611:A:C_A,0.003235
12:89838077:G:A_G,0.003235
12:89840865:C:T_C,0.003235
12:89841834:C:T_C,0.003235
12:89848870:A:G_A,0.003235
12:89849940:A:G_A,0.003235
12:89851232:A:C_A,0.003235
12:89852377:G:C_G,0.003235
12:89853408:G:A_G,0.003235
12:89853694:G:A_G,0.003235
12:89857138:G:A_G,0.003235
12:89863655:AT:A_AT,0.006236
12:89870785:C:T_C,0.003235
12:89871180:A:C_A,0.003235
12:89879331:A:T_A,0.006236
12:89881723:C:CT_C,0.006236
12:89882545:T:C_T,0.006236
12:89889127:A:C_A,0.006236
12:89893712:A:G_A,0.006236
rs7961863_T,0.003235
12:89893925:A:G_A,0.006236
12:89895719:C:G_C,0.006236
12:89897669:T:C_T,0.006236
12:89910684:G:A_G,0.006236
12:89911391:C:T_C,0.006236
12:89927081:C:T_C,0.007582
12:89928313:T:C_T,0.007582
12:89929553:ATT:A_ATT,0.007582
12:89930426:T:C_T,0.006236
12:89932289:G:A_G,0.007582
12:89932593:G:A_G,0.007582
12:89934560:C:G_C,0.007582
12:89934657:A:T_A,0.007582
12:89935551:C:CA_C,0.006903
12:89936315:T:C_T,0.007582
12:89937437:A:G_A,0.007582
12:89939335:G:A_G,0.007582
12:89940388:A:G_A,0.007582
12:89940502:T:C_T,0.006236
12:90775510:A:T_T,0.008024
12:91096601:T:TTGAA_TTGAA,0.005355
12:91098944:GA:G_G,0.004231
12:91115030:A:C_C,0.009753
12:91194000:A:G_A,0.009959
12:91194805:T:C_T,0.002637
12:91194966:T:C_T,0.002419
12:91262911:T:C_C,0.002412
12:91469127:G:A_A,0.009338
12:92461002:A:G_G,0.007595
12:92503437:G:T_T,0.004593
12:92506450:C:T_T,0.00996
12:92519103:A:T_A,0.005833
12:92521039:CT:C_CT,0.001711
12:92531608:T:G_G,0.007354
12:92531855:AAC:AACAC_AACAC,0.007354
12:92554027:TA:T_T,0.005417
12:92599040:T:TA_TA,0.004315
rs6538506_G,0.006365
12:94929669:G:C_C,0.006365
12:94930196:T:C_C,0.008327
12:94932212:C:A_A,0.009773
12:94948190:A:G_G,0.008134
12:95019369:C:CA_CA,0.001146
12:95361711:C:G_C,0.008936
12:95401017:T:C_C,0.007709
12:95453077:C:CA_CA,0.007972
12:95542733:T:C_C,0.003734
12:95552638:A:AAAT_AAAT,0.008613
12:95558479:T:A_A,0.008363
12:95580081:G:C_C,0.001342
12:95583208:G:C_C,0.00497
12:95592372:C:T_T,0.009561
12:95606553:C:G_G,0.003669
12:95609692:C:T_T,0.009561
12:95621721:G:A_A,0.003669
12:95624199:CT:CTT_CTT,0.003669
12:95627144:G:A_A,0.003669
12:95632863:A:T_T,0.005697
12:95633684:T:G_G,0.005697
12:95641736:A:G_G,0.009561
12:95667967:G:A_A,0.003669
12:95668110:C:T_T,0.009561
12:95668406:T:C_C,0.003669
12:95670956:AT:A_A,0.005697
12:95677782:G:A_A,0.003669
rs11107962_A,0.003669
12:95684221:A:G_G,0.009561
12:95693943:G:A_A,0.009561
12:95714790:T:G_G,0.00572
12:95715438:G:A_A,0.00572
rs10859872_C,0.00572
12:95716482:T:C_C,0.00572
12:96889265:G:GT_GT,0.0009834
12:96891719:A:G_G,0.001055
12:96893209:A:T_T,0.001055
12:96896858:T:TTC_TTC,0.0009588
12:96897017:TTC:T_T,0.001198
12:96902491:CT:C_C,0.0006305
12:96907581:T:C_C,0.001055
12:96908959:G:A_A,0.001055
12:96909303:G:T_T,0.001055
12:96910218:A:T_T,0.001055
12:96912429:A:G_G,0.001055
12:96914361:CT:C_C,0.001651
rs7297965_C,0.001055
12:96920097:A:G_G,0.001055
12:96921371:G:A_A,0.001055
12:96921405:C:T_T,0.001651
12:96924818:A:G_G,0.001651
12:96927022:G:A_A,0.001055
12:96927376:G:C_C,0.001055
12:96929997:T:C_C,0.001055
12:96934077:A:G_G,0.001055
12:96936665:C:T_T,0.001055
12:96936687:G:A_A,0.001055
12:96940490:C:T_T,0.001651
12:96940606:CA:CAA_CAA,0.001236
12:96943394:G:A_A,0.001055
12:96964093:CT:C_C,0.003643
12:96965197:T:C_C,0.0009588
12:96965283:G:A_A,0.0009588
12:96965533:CT:C_C,0.0009588
12:96966108:C:T_T,0.0009588
12:96967213:A:G_G,0.001593
12:96967292:T:A_A,0.001678
12:96968811:T:C_C,0.001077
12:96970162:T:C_C,0.005828
12:96970175:C:T_T,0.004783
12:96971418:G:GT_GT,0.005828
12:96977331:T:C_C,0.004687
rs17041242_T,0.00693
12:96977999:T:C_C,0.00693
12:96981441:A:G_G,0.008408
12:96986229:C:A_A,0.008408
12:97058014:G:T_T,0.006017
12:97060877:C:A_A,0.006687
12:97064938:T:C_C,0.006687
12:97065908:GA:G_G,0.006687
12:97067277:G:A_A,0.006687
12:97067371:T:G_G,0.005429
12:97100676:G:A_A,0.006687
12:97100900:C:T_T,0.006687
12:97103727:T:G_G,0.006687
12:97104928:G:A_A,0.006687
12:97109139:C:T_T,0.006687
12:97109970:A:G_G,0.006687
12:97114231:G:A_A,0.006687
12:97114549:C:T_T,0.006687
12:97122283:C:T_T,0.006687
12:97123362:G:A_A,0.006687
12:97123412:G:A_A,0.006687
12:97124939:G:A_A,0.006687
12:97125789:C:T_T,0.006687
rs1990828_G,0.00889
12:97165400:G:A_A,0.009183
12:97166675:A:T_T,0.008534
12:97167709:G:A_A,0.008035
12:97168083:A:G_G,0.009638
12:97169182:A:G_G,0.008035
12:97169208:G:A_A,0.009638
12:97170447:G:A_A,0.008534
12:97170847:A:G_G,0.009638
12:97171319:G:T_T,0.008534
12:97172799:C:G_G,0.009638
12:97174868:A:G_G,0.006471
12:97176077:A:G_G,0.009638
12:97177677:G:A_A,0.006471
12:97179688:G:A_A,0.008534
12:97180430:C:G_G,0.008534
12:97181106:GTAAA:G_G,0.008534
12:97183178:T:A_A,0.009638
12:97183789:CT:C_C,0.006976
12:97183973:A:G_G,0.009638
12:97184036:T:C_C,0.006976
12:97184435:ATTAT:A_A,0.006976
12:97184813:C:G_G,0.009638
12:97185646:G:A_A,0.006976
12:97187722:G:C_C,0.006976
12:97190365:T:C_C,0.006976
12:97190477:T:G_G,0.006976
12:97191072:C:T_T,0.006976
12:97191681:G:A_A,0.006976
12:97198435:C:G_C,0.001519
12:97198603:T:C_C,0.005269
12:97199168:GA:G_G,0.005269
12:97200137:G:A_A,0.005269
12:97202567:A:G_G,0.006976
12:97202700:G:T_T,0.006976
rs7305321_A,0.005269
12:97203085:T:A_T,0.001519
12:97203152:T:C_C,0.005269
12:97203440:A:T_T,0.006976
12:97203539:G:C_G,0.001519
12:97203819:C:T_T,0.005269
12:97204924:T:C_T,0.001519
12:97205338:T:C_C,0.006976
12:97209077:T:A_A,0.006976
12:97209820:T:C_C,0.005269
12:97211208:CT:C_C,0.00459
12:97211400:AT:A_A,0.006976
12:97211403:T:C_C,0.006976
12:97211405:AG:A_A,0.006976
12:97211407:C:A_A,0.006976
12:97211410:G:T_T,0.006976
12:97211528:A:G_G,0.006976
rs10777817_C,0.002114
12:97216274:T:G_G,0.009638
12:97216465:A:T_T,0.003137
12:97219047:TAAC:T_T,0.0007936
12:97219157:G:A_A,0.0006243
12:97219461:C:T_T,0.0007662
12:97220312:TTA:T_T,0.0006243
12:97220768:C:A_C,0.00855
12:97220959:G:A_G,0.003469
12:97220986:G:A_G,0.003469
12:97221040:G:A_G,0.001248
12:97221337:G:A_G,0.001023
12:97221364:G:A_G,0.00572
12:97221411:A:G_G,0.000584
12:97224280:G:C_C,0.0006243
12:97226061:AT:A_AT,0.006589
rs1035203_A,0.0007936
12:97226719:G:A_G,0.001248
12:97227402:T:G_T,0.001248
12:97230573:G:A_A,0.000584
12:97231171:T:A_A,0.0006243
12:97232948:A:G_G,0.0007034
12:97233957:G:T_T,0.001842
12:97234394:CTGTT:C_C,0.0006243
12:97234404:C:T_T,0.001175
12:97234942:A:G_G,0.0006243
12:97235508:C:A_A,0.0009315
12:97236213:C:T_T,0.007943
12:97238307:A:C_C,0.0009315
12:97238617:C:T_T,0.0009315
12:97240587:C:G_G,0.0007034
12:97243225:C:G_G,0.0007034
12:97244954:C:G_C,0.0007225
12:97245096:C:A_A,0.0009315
12:97246734:C:G_G,0.00652
12:97249115:C:A_A,0.008936
12:97250453:G:C_C,0.0006243
12:97253264:G:A_G,0.0007225
12:97254620:G:A_G,0.0007225
12:97255317:A:G_G,0.008936
12:97261165:C:T_T,0.0006041
12:97262973:T:C_C,0.005332
12:97265256:C:T_C,0.0005912
12:97266463:C:T_T,0.0008899
12:97268596:A:T_T,0.007269
12:97269618:G:GA_GA,0.004409
12:97269622:C:G_G,0.004409
12:97270915:G:A_A,0.001842
12:97271555:C:T_T,0.001842
12:97272023:C:T_T,0.007943
12:97273472:G:T_T,0.007943
rs252193_A,0.007943
12:97273598:G:A_A,0.007943
12:97273612:A:AT_AT,0.008582
12:97274300:G:A_G,0.00102
12:97274404:C:T_T,0.001842
12:97274480:C:T_T,0.007943
12:97276998:C:CT_CT,0.001891
12:97277027:A:G_G,0.001842
12:97277789:T:C_C,0.002038
12:97281773:A:G_G,0.00465
12:97284616:G:A_A,0.009638
12:97285979:CTTTCAGCCCAATAAACTGAACTCT:C_C,0.00465
12:97287609:C:T_T,0.00465
12:97290185:C:T_T,0.00652
12:97291807:G:C_C,0.00652
12:97293627:A:T_T,0.005332
12:97293823:A:T_T,0.00652
12:97294881:G:T_T,0.00652
12:97296917:G:A_A,0.00652
12:97297887:TTC:T_T,0.00652
12:97299726:G:C_C,0.00652
12:97300599:T:TC_TC,0.005332
12:97300687:G:A_A,0.005332
12:97307533:ATTTC:A_A,0.005332
12:97315311:C:G_G,0.005332
12:97317447:G:A_A,0.005332
12:97324738:A:G_G,0.003765
12:97328165:T:C_C,0.003765
12:97334731:C:T_T,0.003765
12:97337696:C:T_T,0.003765
12:97345955:A:G_A,0.007595
12:97350454:G:A_G,0.002439
12:97357629:T:C_T,0.004343
12:97360147:C:T_C,0.004795
12:97364347:G:T_G,0.0009498
12:97369402:G:T_T,0.001937
12:97369609:G:T_T,0.001937
12:97370640:CTGTG:CTG_CTG,0.0006309
12:97371809:T:C_C,0.002492
12:97371887:CT:C_C,0.00223
12:97372601:T:G_T,0.0004894
12:97372699:A:G_G,0.00223
12:97372840:A:G_A,0.0006123
12:97374049:A:G_G,0.00223
12:97375539:C:CTT_CTT,0.005886
12:97375931:A:C_C,0.001505
12:97375970:T:C_C,0.0009381
12:97377561:A:G_G,0.00464
12:97377949:G:T_T,0.001626
12:97378127:G:A_A,0.001626
12:97381151:T:A_A,0.005604
12:97384023:C:T_T,0.002368
12:97384178:TC:T_T,0.005604
12:97385681:A:C_C,0.004634
12:97387576:T:C_C,0.0029
12:97388890:G:C_C,0.0029
12:97388891:A:C_C,0.0029
12:97391462:T:C_C,0.006747
12:97391489:T:C_C,0.004634
rs920399_C,0.006747
12:97392994:T:C_C,0.006747
12:97393012:T:A_A,0.007295
12:97393553:T:C_C,0.0029
12:97393932:T:C_C,0.006747
12:97394691:A:C_C,0.0029
12:97394783:A:G_G,0.004634
12:97396226:T:C_C,0.0029
12:97396920:A:G_G,0.004291
rs7297966_G,0.004291
12:97400032:TA:T_T,0.002969
12:97400425:A:G_G,0.002689
12:97401896:T:C_C,0.004971
12:97402021:C:T_T,0.002158
rs2371356_G,0.003276
12:97405961:G:T_T,0.003411
12:97406486:TTA:T_T,0.004372
12:97409765:T:C_C,0.003276
12:97410012:T:C_C,0.004799
12:97413049:G:A_A,0.002158
12:97414613:T:C_C,0.003411
12:97414897:C:T_T,0.001435
12:97444872:CA:C_CA,0.005127
12:97509968:T:A_T,0.008981
12:97715988:G:A_G,0.002146
12:97792219:G:C_C,0.005917
12:97792267:C:A_A,0.00782
12:98590885:C:A_A,0.0002527
12:98625318:G:C_C,0.001412
12:98698437:C:A_A,0.00009498
12:98716380:A:T_T,0.0002692
12:98740824:C:T_T,0.00779
12:98744408:C:G_G,0.00779
12:98746316:C:T_T,0.00779
12:98749770:T:C_C,0.005466
12:98752406:A:C_C,0.007371
12:98790993:C:G_G,0.008024
12:98794925:T:G_G,0.008814
12:98796776:T:A_A,0.005475
12:98800213:G:C_C,0.005475
12:98800771:C:T_T,0.005475
12:98861531:A:G_G,0.004668
12:98864577:G:A_A,0.006518
12:98910320:T:G_G,0.002155
12:98932870:C:T_T,0.002155
12:98962622:A:T_T,0.002155
12:98971701:C:T_T,0.001412
12:99036171:G:A_A,0.002155
12:99112717:T:C_C,0.002155
12:99114292:C:A_C,0.002951
12:99114879:G:A_G,0.002188
12:99115219:G:A_G,0.002951
12:99119833:T:G_T,0.002951
12:99121548:G:A_G,0.002951
12:99122324:G:C_G,0.002951
12:99157555:C:T_T,0.002155
12:99174446:T:C_C,0.004084
12:99178813:C:T_T,0.003489
12:99186278:T:C_C,0.009692
12:99252106:A:G_G,0.004084
12:99262677:C:G_G,0.009757
12:99866159:C:T_T,0.009352
12:99919805:G:A_A,0.006558
12:99926072:A:T_T,0.008253
12:99928488:CT:C_C,0.006288
12:100283561:T:A_A,0.009946
12:100285805:G:A_A,0.009946
12:100291334:A:G_G,0.009946
12:100292509:G:A_A,0.009946
12:100295304:A:T_T,0.009946
12:100295584:C:CT_CT,0.009946
12:100296695:A:ATTGTTGTTGTTG_ATTGTTGTTGTTG,0.006197
12:100301080:G:A_A,0.006755
12:100302337:C:T_T,0.006755
12:100304817:A:AT_AT,0.006755
12:100305117:C:T_T,0.006755
12:100307588:A:G_G,0.006755
12:100307666:C:A_A,0.006755
12:100315857:C:T_T,0.006755
12:100316441:A:G_G,0.006755
12:100318294:C:T_T,0.006755
12:100318337:A:C_C,0.006755
12:100320305:A:T_T,0.006755
12:100325109:T:TA_TA,0.006755
12:100328915:T:C_C,0.006755
12:100330993:T:C_C,0.006755
12:100333456:C:G_G,0.006755
12:100336946:A:T_T,0.006755
12:100339180:A:C_C,0.006755
12:100341082:G:A_A,0.006755
12:100346622:G:C_C,0.006755
12:100347735:TA:T_T,0.006755
12:100349422:T:G_G,0.006755
12:100350261:T:G_G,0.006755
12:100350616:T:C_C,0.006755
12:100351957:CA:C_C,0.006755
12:100354147:T:C_C,0.006755
12:100358887:A:G_G,0.006755
12:100359237:T:C_C,0.006755
12:100359430:G:A_A,0.006755
12:100362241:C:G_G,0.006755
12:100365496:C:G_G,0.006755
12:100367499:G:A_A,0.006755
12:100369625:G:A_A,0.006755
12:100376184:G:A_A,0.002703
12:100376315:A:T_T,0.002703
12:100384493:C:T_T,0.006755
12:100392841:CA:C_C,0.006755
12:100392895:G:C_C,0.006755
12:100400635:C:T_T,0.006755
12:100403186:A:G_G,0.006755
12:100404424:T:C_C,0.006755
12:100404585:C:T_T,0.006755
12:100405148:C:T_T,0.002179
12:100405873:T:C_C,0.006755
12:100406300:G:C_C,0.006755
12:100407711:G:A_A,0.006755
12:100408342:C:A_A,0.006755
12:100410629:C:A_A,0.006755
12:100411075:A:G_G,0.006755
12:100417973:G:A_A,0.006755
12:100419726:G:C_C,0.006755
12:100421119:C:T_T,0.006755
12:100423774:A:G_G,0.002703
rs3168500_G,0.001739
12:100427305:C:A_A,0.006755
12:100443122:A:G_G,0.003653
12:100474009:A:G_G,0.00343
12:100529988:CA:C_C,0.006117
12:100555585:T:TGGTACC_TGGTACC,0.00343
12:100560825:C:A_A,0.00343
12:100565481:G:T_T,0.00906
12:100568196:G:C_C,0.004281
12:100575588:G:A_A,0.0008152
12:100578301:C:T_T,0.004281
12:100579403:G:T_T,0.004281
12:100579821:C:T_T,0.004657
12:100582714:A:G_G,0.009845
12:100584338:T:C_C,0.004281
12:100584604:G:A_A,0.004281
12:100587263:A:C_C,0.009845
12:100589179:C:G_G,0.004281
12:100590707:T:C_C,0.004281
12:100591818:G:C_C,0.004281
12:100607615:G:A_A,0.004281
12:100609991:C:T_T,0.004281
12:100613964:A:G_G,0.009845
12:100614151:T:C_C,0.009845
12:100622384:GAAAAAAAAAAAAA:G_GAAAAAAAAAAAAA,0.00989
12:100831182:GA:G_G,0.009413
12:100834538:CTTCCTTCCTTCT:C_C,0.009413
12:100836123:A:T_T,0.009413
12:100839905:T:A_A,0.009413
12:100840116:AC:A_A,0.009413
12:100841193:T:C_C,0.009413
12:100841580:C:T_T,0.009413
12:100842612:G:A_A,0.009413
12:100844588:C:T_T,0.009413
12:100847616:T:A_A,0.009413
12:100848356:T:C_C,0.009413
rs17030162_A,0.009413
12:100850930:G:T_T,0.003653
12:100853973:A:C_C,0.009413
12:100854540:G:T_T,0.009413
12:100854931:G:A_A,0.009413
12:100858409:G:A_A,0.009413
12:100860527:G:A_A,0.009413
12:100861104:G:T_T,0.00661
12:101333843:G:C_G,0.005022
12:101405089:C:CT_C,0.007393
12:102379963:TA:T_T,0.00427
12:103089124:G:GT_GT,0.00175
12:103090780:CA:C_C,0.007077
12:103097062:G:A_A,0.006395
rs10437892_T,0.005822
12:103106701:C:T_T,0.005667
12:103107304:G:A_A,0.006395
12:103117479:G:A_A,0.006565
12:103128049:G:T_T,0.009692
12:103130062:T:C_C,0.009692
12:103139432:A:T_T,0.009692
12:103143135:G:A_A,0.009692
12:103145175:C:T_T,0.009692
12:103147575:G:C_C,0.009692
12:103462655:A:C_C,0.004281
12:103970056:C:CAAAAAAAAA_CAAAAAAAAA,0.0073
12:103971876:T:C_C,0.003898
12:103974255:G:A_A,0.001408
12:103975765:C:T_T,0.002379
12:103977261:T:G_G,0.002379
12:103977546:G:A_A,0.002379
12:103982229:CT:C_C,0.001408
12:103982265:C:A_A,0.002379
12:103983543:A:G_G,0.002379
12:103988117:C:A_A,0.009315
12:103988732:T:C_C,0.007613
12:103988896:T:C_C,0.002379
12:103990518:G:A_A,0.001408
12:103992670:G:A_A,0.002379
12:103993926:C:A_A,0.002379
12:103997143:G:A_A,0.001408
12:104005251:G:T_T,0.002379
12:104006636:G:A_A,0.002379
12:104006970:G:T_T,0.002379
12:104009050:GA:G_G,0.002379
12:104009252:C:T_T,0.001408
12:104009817:G:A_A,0.003898
12:104011045:C:A_A,0.003898
12:104011319:G:C_C,0.002379
12:104015487:C:A_A,0.0004558
12:104024985:T:C_C,0.0004558
12:104025849:G:T_T,0.0004558
12:104887200:CATT:C_C,0.009845
12:105563507:G:A_A,0.009049
12:105583258:A:G_G,0.009049
12:105589611:T:C_C,0.009049
12:106135911:AGTT:A_A,0.007935
12:106136636:T:G_G,0.007503
12:106251024:T:A_A,0.004861
12:106462339:C:A_A,0.009692
12:106494444:T:C_C,0.009692
12:106570105:C:T_T,0.005429
12:107284003:C:G_C,0.00666
12:107324252:C:T_C,0.007417
12:107339239:T:C_T,0.007417
12:108707647:G:A_G,0.005872
12:108710253:T:C_T,0.008793
12:108710323:C:A_C,0.009568
12:108711431:A:G_A,0.003155
12:108711542:T:A_T,0.003155
12:108711857:T:C_T,0.003155
12:108712526:A:G_A,0.003155
rs938448_T,0.003155
12:108717653:G:A_G,0.001844
12:108719667:T:C_T,0.003155
12:108726677:A:G_A,0.003155
12:108756152:C:A_A,0.007517
12:108758043:G:A_A,0.003344
12:109627675:G:A_A,0.00505
12:109628105:C:G_G,0.00505
12:109682356:G:A_A,0.006568
12:112250349:T:C_C,0.009049
12:112469942:G:T_T,0.009049
12:112730027:A:C_C,0.009049
12:112738855:AT:A_A,0.009049
12:112741936:A:G_G,0.009049
12:112742120:C:T_T,0.009049
12:112745838:G:A_A,0.009049
12:112747532:C:T_T,0.009049
12:112747893:A:T_T,0.009049
12:112764576:C:T_T,0.009049
12:112767818:C:G_G,0.009049
12:112782858:G:C_C,0.009049
12:112787192:CAAAAAAAAAA:C_C,0.008191
12:112787237:T:G_G,0.009049
12:112809742:CCAAA:C_C,0.009049
12:112810275:G:A_A,0.009049
rs1362036_T,0.009049
12:112813693:C:T_T,0.009049
12:112814581:C:T_T,0.009049
12:112816613:C:T_T,0.009049
12:112818659:C:A_A,0.009049
12:112821434:C:G_G,0.009049
12:112822469:G:T_T,0.009049
12:112822667:C:G_G,0.009049
12:112826015:AAAAAAT:A_A,0.009049
12:112831629:G:A_A,0.009049
12:112837146:T:C_C,0.009049
12:112838494:C:G_G,0.009049
12:112839656:A:C_C,0.009049
12:112840565:TAAAG:T_T,0.009049
12:112843393:C:A_A,0.009049
12:112844857:A:G_G,0.009049
12:112847979:C:T_T,0.009049
12:112855348:G:C_C,0.009049
12:112856954:G:C_C,0.009049
12:112856983:C:A_A,0.009049
12:112860113:T:C_C,0.009049
12:112864028:G:A_A,0.009049
12:112864102:G:A_A,0.009049
12:112865833:G:A_A,0.009049
12:112868879:G:A_A,0.009049
12:112877019:C:T_T,0.009049
12:112878426:G:A_A,0.009049
12:112879872:C:T_T,0.009049
12:112879955:A:G_G,0.009049
12:112880508:C:T_T,0.009049
12:112882859:G:A_A,0.009049
12:112887301:ACT:A_A,0.009049
12:112887941:G:C_C,0.009049
12:112889655:C:T_T,0.009049
12:112889684:T:A_A,0.009049
12:112907376:T:C_C,0.008191
12:112909396:T:C_C,0.008191
12:112910267:G:A_A,0.008191
12:112910380:C:T_T,0.008191
12:112911439:T:TC_TC,0.008191
12:112913245:T:TG_TG,0.008191
12:112914924:G:A_A,0.008191
12:112916785:T:G_G,0.008191
12:112916813:T:C_C,0.008191
12:112919869:C:A_A,0.008191
12:112922727:G:A_A,0.008191
12:112927272:C:T_T,0.008191
12:112932280:GTTA:G_G,0.008191
12:112935597:G:T_T,0.008191
12:112936918:ATCT:A_A,0.008191
12:112937986:A:G_G,0.008191
12:112948863:G:A_A,0.008191
12:112950589:C:T_T,0.008191
12:112952695:C:G_G,0.008191
12:112969119:A:G_G,0.008191
12:112971825:A:ATTTATTTATTTATTTG_ATTTATTTATTTATTTG,0.008191
12:112972120:C:T_T,0.008191
12:112980382:G:A_A,0.008191
12:112982695:C:G_G,0.008191
12:112983511:C:T_T,0.008191
12:112983808:G:C_C,0.008191
12:112985734:G:C_C,0.008191
12:113561895:T:C_C,0.008198
12:114502276:A:C_A,0.001837
12:114973065:G:C_C,0.009692
12:115021354:G:C_C,0.004017
12:115022984:G:A_A,0.004017
12:115026541:C:T_T,0.004668
12:115027970:C:T_T,0.004668
12:115030634:T:C_C,0.004668
12:115031404:A:G_G,0.008814
12:115479880:G:A_A,0.005212
12:115485853:T:C_C,0.003947
12:115546843:ATGTGAT:A_A,0.0003514
12:115859018:CCTTTGTGTGAACCAAGACCTTACGCATAGA:C_C,0.008024
12:115966307:GTA:G_G,0.008191
12:116396750:CCTTT:C_C,0.001951
12:116611242:T:C_C,0.001951
12:117075057:TC:T_T,0.004591
12:117075224:AT:A_A,0.001835
12:117075292:A:G_G,0.002221
12:117075679:T:C_C,0.005542
12:117076040:C:G_G,0.006049
12:117076080:A:G_G,0.005542
rs7307249_G,0.005542
12:117078928:C:T_T,0.002753
12:117079318:T:C_C,0.002321
12:117148811:T:TACAC_TACAC,0.003669
12:117896209:G:GT_GT,0.008198
12:117982220:C:T_T,0.00248
12:117985667:C:T_T,0.0009664
rs7977174_C,0.0009796
12:118034656:G:T_G,0.005324
12:118309635:A:AT_AT,0.004013
12:118376365:TAATA:T_TAATA,0.008814
rs2393333_G,0.00529
12:118381741:T:C_T,0.004287
12:118382692:G:A_G,0.004287
12:118383721:G:C_G,0.004287
12:118385788:G:T_G,0.00529
12:118387112:G:GA_G,0.005931
12:118388554:A:T_T,0.001261
12:118526526:T:C_C,0.009132
12:118534760:T:A_A,0.006248
12:119694130:G:T_T,0.008476
12:120255606:T:C_C,0.009821
12:120268958:G:A_A,0.009821
12:121121873:A:G_G,0.008946
12:122260947:G:A_A,0.008608
12:122284715:T:C_T,0.001693
12:122286407:C:G_C,0.001399
12:122286736:C:T_C,0.002387
12:122287132:CT:C_CT,0.0009844
12:122287290:T:A_T,0.0009844
12:122288332:C:CA_CA,0.007391
12:122289087:G:A_A,0.008608
12:122289655:G:A_G,0.0009844
12:122289656:C:A_C,0.0009844
12:122289676:C:T_C,0.0009844
12:122289678:C:T_C,0.0009844
12:122289682:C:A_C,0.0009844
12:122289683:T:A_T,0.0009844
12:122289685:G:A_G,0.0009844
12:122290930:G:A_G,0.009411
12:122291261:G:A_G,0.001399
12:122291445:G:A_G,0.009411
12:122291714:C:G_C,0.009411
12:122291860:A:T_A,0.009411
12:122291930:C:A_C,0.009411
12:122292149:G:A_G,0.009411
12:122292962:T:G_T,0.009411
12:122293639:G:A_G,0.009411
12:122293748:T:C_T,0.009411
12:122294005:G:A_G,0.009411
exm1045208_T,0.003323
12:122296155:T:C_T,0.001399
rs2596144_T,0.001399
12:122301275:C:T_T,0.003323
12:122302586:C:T_T,0.003323
12:122302620:A:G_A,0.008906
12:122302761:AAAC:A_AAAC,0.004953
12:122303499:G:A_G,0.004417
12:122303755:C:T_T,0.007673
12:122304130:T:C_T,0.008906
12:122304190:C:G_C,0.008906
12:122304287:T:TA_TA,0.00796
12:122305295:A:G_A,0.001399
12:122305970:T:C_T,0.001399
12:122306419:CTTTTTTCTT:C_CTTTTTTCTT,0.003323
12:122306857:C:T_C,0.001399
12:122307089:G:C_G,0.003323
12:122307286:G:A_G,0.003323
12:122307472:C:CTT_C,0.003323
12:122307580:A:G_A,0.003323
12:122309113:A:C_C,0.008906
12:122310347:G:T_T,0.008906
12:122311721:CA:C_CA,0.002691
12:122313351:A:G_G,0.008906
12:122315537:G:A_A,0.008906
12:122318723:A:G_A,0.005959
12:122320352:C:T_C,0.005959
exm1045224_T,0.005959
12:122329478:C:T_C,0.005959
12:122336772:C:T_C,0.002691
12:122336775:C:G_C,0.002691
12:122342964:T:C_T,0.005959
12:122344302:A:G_A,0.005959
12:122349058:A:G_A,0.005959
12:122360969:G:A_A,0.008608
12:122369485:C:T_T,0.008608
12:122372009:G:A_A,0.008608
12:122377385:C:T_T,0.008608
12:122381088:A:G_A,0.004619
12:122381134:T:G_T,0.004619
12:122381194:C:G_C,0.004619
12:122381584:T:G_T,0.004619
12:122382179:A:G_A,0.004619
12:122384457:A:C_A,0.007623
12:122384959:T:C_T,0.004619
12:122385151:C:A_C,0.004619
12:122385213:G:A_G,0.004619
12:122385690:C:T_C,0.004619
rs1375654_C,0.004619
12:122386515:A:G_A,0.004619
12:122386758:G:C_G,0.004619
12:122388314:A:G_A,0.004619
12:122389167:A:G_A,0.004619
12:122390326:T:A_T,0.004619
12:122397855:C:A_C,0.007623
12:123387633:T:G_G,0.001884
12:123403577:A:G_G,0.007151
12:123407985:C:T_T,0.007151
12:123409705:C:T_T,0.004874
12:123411902:A:G_G,0.004874
12:123427951:C:T_T,0.007417
12:123445432:GCAAACAAA:G_G,0.007417
12:123449432:T:C_C,0.007417
12:123469141:C:T_T,0.004874
12:123480323:C:T_T,0.007417
12:123495289:C:A_A,0.004874
12:123502904:C:T_T,0.007417
12:123507484:G:A_A,0.004874
12:123508061:G:C_C,0.007417
12:123516317:G:A_A,0.007417
12:123517345:C:T_T,0.007417
12:123535658:GCCCA:G_G,0.004874
12:123539955:T:C_C,0.004874
12:123540022:G:A_A,0.004874
12:123542492:T:C_C,0.004874
12:123554186:C:T_T,0.004874
12:123571503:C:G_G,0.004874
12:123580657:C:T_T,0.007417
12:123595749:C:A_A,0.004874
12:123600280:AC:A_A,0.004874
12:123601194:CA:C_CA,0.005697
12:123608482:CA:C_C,0.006059
12:123615869:A:C_C,0.009946
12:123684847:CT:C_C,0.009444
12:123867511:GT:G_GT,0.005119
12:123895593:A:ATT_ATT,0.002379
12:123905185:T:C_C,0.003898
12:123909289:C:T_T,0.006197
12:123909466:TC:T_T,0.009561
12:123919180:G:A_A,0.006059
12:124734426:G:GTCCTGCCTTCATTCCCA_G,0.009936
12:124749208:C:T_T,0.006197
12:124838619:C:A_A,0.006518
12:125076052:T:C_C,0.008791
12:125079056:C:T_T,0.001733
12:125085076:TTTA:T_T,0.002144
12:125087207:A:G_G,0.002721
12:125087990:C:A_A,0.008024
12:125088748:C:A_A,0.0009844
12:125090853:T:C_T,0.00566
12:125091732:C:T_T,0.006855
12:125500901:G:GT_GT,0.00441
12:125768655:A:G_G,0.002255
12:125768970:G:C_C,0.003946
12:125777957:CATAATACCCAGTA:C_C,0.003702
12:126001691:A:G_G,0.007912
12:126002029:C:T_T,0.007912
12:126002644:G:A_A,0.007912
12:126003486:G:A_A,0.007912
12:126003940:A:T_T,0.007912
12:126077145:A:G_G,0.006017
12:127518456:C:T_C,0.008553
12:127924890:T:C_C,0.006236
12:127925165:T:A_A,0.0096
12:127925879:A:AATTAGCTCCATTCC_AATTAGCTCCATTCC,0.003505
12:127926102:T:G_G,0.004269
12:127931132:T:C_C,0.006062
12:127931158:A:G_G,0.006062
12:127931906:A:G_A,0.005119
12:127932235:T:C_T,0.0006509
12:127932885:A:G_A,0.0006509
12:127932889:T:C_T,0.0006509
12:127933561:C:CT_C,0.00009185
12:127933756:A:G_A,0.0001938
12:127934525:T:C_T,0.0006509
12:127934627:C:T_C,0.0006509
12:127935555:C:T_C,0.0006509
12:127935910:C:T_C,0.002015
12:127936666:C:A_C,0.002493
12:127941146:C:T_T,0.00116
12:127941262:C:G_G,0.00116
12:127941275:A:G_G,0.00116
12:127941499:A:G_G,0.00116
12:127941515:C:T_T,0.00116
12:127942233:G:C_C,0.00116
12:127942322:G:T_T,0.001959
12:127942475:A:G_G,0.001959
12:127944399:AG:A_A,0.001959
rs12368540_G,0.001959
12:127949337:T:C_C,0.001959
12:127949887:A:G_G,0.001959
12:127950811:T:G_G,0.001959
12:127950944:T:G_G,0.001959
12:127952338:C:T_T,0.001959
12:127952376:ATG:A_ATG,0.000422
12:127953041:TCTA:T_TCTA,0.0009687
12:127955638:T:C_C,0.001959
12:127956341:A:T_T,0.0009687
12:127956635:G:A_A,0.001959
12:127957724:G:A_A,0.001959
12:127961353:C:G_G,0.002173
12:128094423:T:A_A,0.009993
12:128099056:G:A_G,0.006424
12:128657480:A:G_G,0.008621
12:128657872:C:G_G,0.005417
rs10847554_T,0.00325
12:128659851:A:G_G,0.004197
12:128660074:T:C_T,0.004966
rs4882703_C,0.007525
12:128661017:A:G_G,0.005544
12:128661185:A:G_G,0.005366
12:128661291:G:C_G,0.007754
12:128661457:C:G_C,0.007525
12:128661752:A:C_C,0.009813
12:128662116:T:C_T,0.007754
12:128727166:CCA:C_C,0.008401
12:128728606:G:A_A,0.006812
12:128733116:C:G_G,0.006129
12:128734230:C:T_T,0.00487
12:128734286:A:C_A,0.009194
12:128734454:CAGAAA:C_CAGAAA,0.002476
12:128734516:A:G_A,0.002476
12:128745454:AG:A_A,0.007417
12:128745548:C:T_T,0.007417
12:128745595:T:C_C,0.007417
12:128745930:G:T_T,0.007417
12:129461567:T:C_T,0.00248
rs646464_A,0.009689
12:129462317:C:T_C,0.002137
12:129563698:C:T_T,0.007912
12:130506768:A:G_A,0.004084
12:130642245:T:TATAC_TATAC,0.006726
12:130988022:G:A_A,0.009049
12:130988943:T:C_C,0.009049
12:130989616:C:T_T,0.009049
12:130989861:A:G_G,0.009049
12:131157591:AG:A_AG,0.006017
12:131157876:G:A_A,0.006017
12:131644900:A:G_G,0.008703
12:131648548:G:A_A,0.006553
12:131663944:G:GTACC_GTACC,0.003489
12:131667480:A:T_A,0.005384
12:131670036:G:A_G,0.005384
12:131670705:A:G_G,0.003489
12:131673252:G:A_G,0.002059
12:131673472:G:A_A,0.003489
12:131673726:G:A_G,0.005384
12:131673910:G:A_G,0.002059
12:131674050:C:T_C,0.002059
12:131674713:G:A_G,0.002059
12:131675254:C:G_G,0.003489
rs10773860_G,0.002059
12:131675454:T:C_T,0.002059
12:131676045:G:T_G,0.007027
rs3923249_G,0.007027
12:131676396:C:A_C,0.007027
12:131676809:T:A_T,0.003702
12:131677815:C:T_T,0.003489
12:131682351:A:G_G,0.009049
12:131683104:C:T_C,0.003854
12:131822496:C:T_T,0.001961
rs7971297_A,0.008001
12:131873656:T:A_T,0.008001
12:131874252:A:G_A,0.009471
12:131879434:G:C_G,0.006537
12:131880502:A:G_G,0.006397
12:131880505:G:A_A,0.006397
12:131885338:T:C_T,0.006537
12:131885339:G:A_G,0.006537
12:131887436:TA:T_TA,0.006537
12:131887538:T:C_T,0.006537
12:131895896:G:A_G,0.006537
12:131900618:C:G_C,0.00442
12:131902457:G:C_G,0.005252
12:131903765:T:C_T,0.005252
12:131903808:A:G_A,0.005252
12:131904581:A:G_A,0.005252
12:131905119:G:A_G,0.006222
12:131905148:G:A_G,0.00735
12:131905156:C:T_C,0.006222
12:131913753:G:C_C,0.009239
12:131964500:A:C_C,0.005429
12:132017351:G:A_A,0.006877
12:132017806:C:T_T,0.005172
12:132017860:C:T_T,0.005172
12:132026957:G:T_T,0.008259
12:132027747:T:TG_TG,0.006877
12:132027770:CCT:C_C,0.008259
12:132030394:C:G_G,0.008259
12:132030892:T:C_C,0.008259
12:132036586:A:G_G,0.006877
12:132038980:C:T_T,0.008259
12:132039901:A:G_G,0.008259
12:132041771:G:A_A,0.008259
12:132043539:C:A_A,0.008259
12:132044529:TCACATGACCC:T_T,0.008259
12:132049791:T:C_T,0.003079
12:132329553:A:C_C,0.008198
12:132687184:A:C_A,0.009745
12:132688714:CCCA:C_CCCA,0.001531
12:132688985:G:A_G,0.006812
12:132689898:G:A_G,0.009026
12:132689923:G:A_G,0.006812
12:132691191:C:CA_C,0.004144
12:132691362:G:A_G,0.006812
exm2267408_G,0.006812
12:132692803:C:CT_CT,0.006924
12:132693487:T:C_C,0.004322
12:132693899:G:A_A,0.004322
12:132697903:GAATC:G_GAATC,0.007077
12:132698078:A:T_A,0.008336
12:132698424:G:A_G,0.009344
12:132699622:C:T_T,0.004005
12:132703352:C:T_T,0.004005
12:132705037:A:G_A,0.004005
12:133301500:T:C_T,0.006726
12:133310887:C:T_C,0.008141
