names,P
12:48793008:T:C_T,0.0001139
12:48796696:T:C_T,0.0001139
12:48806359:T:G_T,0.0001139
12:48808417:T:C_T,0.0001139
12:48808496:G:A_G,0.0001139
kgp726713_C,0.0001232
12:50969406:A:T_T,0.0001232
12:51026878:T:G_G,0.0001232
12:51117229:A:G_G,0.0001232
12:51276063:T:C_C,0.000145
12:48933883:CA:C_C,0.0001622
12:50957581:AT:A_A,0.0001639
12:50639782:C:T_T,0.0001648
12:50641931:TA:T_T,0.0001648
12:50642314:A:G_G,0.0001648
12:50643958:A:G_G,0.0001648
rs7302422_A,0.0001648
12:50677100:C:A_A,0.0001648
12:50579398:C:T_T,0.0001687
12:50948517:G:A_A,0.0001714
12:25769919:T:C_T,0.0001848
12:42208251:C:T_T,0.0001863
12:7682865:G:A_A,0.0002052
12:48814369:C:T_C,0.0002083
12:48815133:A:AG_A,0.0002083
12:48802118:T:C_T,0.0002163
12:48802119:G:A_G,0.0002163
12:50902077:G:A_A,0.0002226
12:50904144:A:G_G,0.0002226
12:50909996:ATCTC:A_A,0.0002226
12:50920510:C:A_A,0.0002226
12:50922336:T:G_G,0.0002226
12:50924887:G:C_C,0.0002226
12:50925285:C:G_G,0.0002226
12:50926485:C:A_A,0.0002226
12:50930475:C:T_T,0.0002226
12:50932336:A:G_G,0.0002226
12:50933607:C:G_G,0.0002226
12:50934015:C:T_T,0.0002226
12:50934035:T:C_C,0.0002226
12:50934785:A:G_G,0.0002226
12:50937105:C:T_T,0.0002226
12:50937149:C:T_T,0.0002226
12:50937228:A:G_G,0.0002226
12:50938424:T:G_G,0.0002226
12:50941025:C:T_T,0.0002226
12:50944380:C:T_T,0.0002226
12:50945473:C:T_T,0.0002226
12:50946295:C:T_T,0.0002226
12:50946903:G:A_A,0.0002226
12:50948782:A:AC_AC,0.0002226
12:50948886:A:T_T,0.0002226
12:50950695:G:A_A,0.0002226
12:50952022:A:G_G,0.0002226
12:50952524:C:A_A,0.0002226
12:50952797:T:C_C,0.0002226
12:50956266:C:T_T,0.0002226
12:50957669:A:AT_AT,0.0002226
rs11169493_G,0.0002226
12:50960289:A:C_C,0.0002226
12:50960308:C:T_T,0.0002226
12:50960480:C:T_T,0.0002226
12:50960723:C:G_G,0.0002226
12:50961314:C:CT_CT,0.0002226
12:50964076:A:G_G,0.0002226
12:50965024:G:A_A,0.0002226
12:50965521:G:C_C,0.0002226
12:50965630:C:T_T,0.0002226
12:50966980:G:A_A,0.0002226
12:50968351:G:GAC_GAC,0.0002226
12:50968685:G:A_A,0.0002226
12:50969875:G:A_A,0.0002226
12:50969929:T:G_G,0.0002226
12:50972085:C:T_T,0.0002226
12:50972132:TTTTG:T_T,0.0002226
12:50972448:A:G_G,0.0002226
12:50972537:C:T_T,0.0002226
12:50978255:G:A_A,0.0002226
12:50979905:A:G_G,0.0002226
12:50979932:C:T_T,0.0002226
12:50981249:C:G_G,0.0002226
12:50981785:T:G_G,0.0002226
12:50981919:C:CT_CT,0.0002226
12:50987027:C:T_T,0.0002226
12:50987378:G:A_A,0.0002226
12:50997591:A:C_C,0.0002226
12:51000666:T:A_A,0.0002226
12:51002088:A:C_C,0.0002226
12:51002893:C:G_G,0.0002226
12:51004109:A:G_G,0.0002226
12:51006268:G:C_C,0.0002226
12:51010092:T:C_C,0.0002226
12:51014420:C:CA_CA,0.0002226
12:51029835:G:T_T,0.0002226
12:51039818:C:T_T,0.0002226
12:51045072:T:A_A,0.0002226
12:51045449:A:G_G,0.0002226
12:51047695:T:C_C,0.0002226
12:51049083:G:C_C,0.0002226
12:51059560:A:G_G,0.0002226
12:51059691:T:C_C,0.0002226
12:51062257:C:G_G,0.0002226
12:51105300:T:C_C,0.0002226
12:51119935:G:A_A,0.0002226
12:51122572:T:TA_TA,0.0002226
12:51126792:G:A_A,0.0002226
12:51135956:G:A_A,0.0002226
12:50823878:G:A_A,0.0002356
12:50969179:T:G_G,0.0002373
12:25766710:GAGAGAAAGTATTTGGAAAT:G_GAGAGAAAGTATTTGGAAAT,0.0002408
12:51070554:T:C_C,0.0002643
12:25625503:G:C_C,0.0002811
12:50881148:A:C_C,0.0002866
12:50883358:C:A_A,0.0002866
12:50891143:T:C_C,0.0002866
12:50891144:A:G_G,0.0002866
12:25751589:G:T_G,0.0002962
12:25757362:A:G_A,0.0002962
12:25760574:G:A_G,0.0002962
12:25762024:C:T_C,0.0002962
12:25764705:G:A_G,0.0002962
12:25766729:T:G_T,0.0002962
12:97372601:T:G_T,0.0003103
12:71316301:G:A_A,0.0003147
12:71319848:C:CTT_CTT,0.0003147
12:50973897:G:C_C,0.000358
12:50974541:G:C_C,0.000358
12:104015487:C:A_A,0.000385
12:104024985:T:C_C,0.000385
12:104025849:G:T_T,0.000385
12:132017806:C:T_T,0.0004114
12:132017860:C:T_T,0.0004114
12:20294359:A:ATTTTTTTT_ATTTTTTTT,0.0004195
12:97414897:C:T_T,0.0004199
12:50824232:A:G_G,0.0004226
12:12488067:T:C_C,0.0004246
12:98698437:C:A_A,0.0004276
12:50969159:T:G_G,0.0004318
12:122287132:CT:C_CT,0.0004451
12:122287290:T:A_T,0.0004451
12:122289655:G:A_G,0.0004451
12:122289656:C:A_C,0.0004451
12:122289676:C:T_C,0.0004451
12:122289678:C:T_C,0.0004451
12:122289682:C:A_C,0.0004451
12:122289683:T:A_T,0.0004451
12:122289685:G:A_G,0.0004451
12:51085471:A:G_G,0.0004534
12:97372840:A:G_A,0.0004603
12:127933756:A:G_A,0.000485
12:25738937:T:A_T,0.000498
12:25739159:T:A_T,0.000498
12:23661847:G:A_A,0.0005075
12:50973501:T:C_C,0.0005107
12:5390197:G:A_G,0.0005119
12:15670180:A:C_C,0.0005472
12:15670188:T:C_C,0.0005472
12:15670756:A:G_G,0.0005472
12:70974636:C:A_A,0.0005488
12:42214319:T:C_T,0.000551
12:42215037:C:T_C,0.000551
12:42215832:T:C_T,0.000551
12:25749163:G:A_G,0.000565
12:132049791:T:C_T,0.0005678
12:48936530:TTA:T_TTA,0.0006003
12:71339058:T:G_G,0.0006125
12:51115743:G:GTTGAAGGGGTGTGAGTT_GTTGAAGGGGTGTGAGTT,0.0006355
12:132017351:G:A_A,0.0006549
12:132027747:T:TG_TG,0.0006549
12:132036586:A:G_G,0.0006549
12:97364347:G:T_G,0.0006564
12:117079318:T:C_C,0.0006732
12:48880723:C:T_T,0.0006766
12:48881891:A:G_G,0.0006766
12:48883020:G:T_T,0.0006766
12:48883468:G:T_T,0.0006766
12:51000891:C:CT_CT,0.0006774
12:50930357:G:GT_G,0.0006809
12:25745687:C:T_T,0.0006825
12:25745772:G:A_A,0.0006825
12:25746398:G:A_A,0.0006825
rs1849015_T,0.0006825
12:25750050:T:C_C,0.0006825
12:25751987:G:A_A,0.0006825
12:25752099:A:G_G,0.0006825
12:25752424:T:C_C,0.0006825
12:25754216:G:A_A,0.0006825
12:25755193:A:C_C,0.0006825
12:25756173:C:G_G,0.0006825
12:25756880:TG:TGG_TGG,0.0006825
12:25757498:G:T_T,0.0006825
12:25761069:T:C_C,0.0006825
12:25761070:G:A_A,0.0006825
12:25769296:A:C_C,0.0006825
12:115546843:ATGTGAT:A_A,0.0006883
12:98590885:C:A_A,0.0006886
12:15670910:G:A_A,0.000709
12:15671276:C:A_A,0.000709
12:15672070:G:A_A,0.000709
12:25748132:T:C_T,0.0007119
12:25752207:A:T_A,0.0007119
12:25756702:G:T_G,0.0007119
12:25758324:C:T_C,0.0007119
12:25759477:G:C_G,0.0007119
12:25764906:G:A_G,0.0007119
12:25767170:C:G_C,0.0007119
12:101099570:C:T_T,0.0007147
12:48836889:T:G_T,0.0007234
12:32802706:C:T_T,0.0007587
12:50663386:G:A_A,0.0007616
12:25620753:G:A_A,0.0007842
12:25621606:C:A_A,0.0007842
12:25622441:G:A_A,0.0007842
12:25624371:C:T_T,0.0007842
12:25626076:T:A_A,0.0007842
12:25628017:C:T_T,0.0007842
12:7682919:T:C_C,0.0007861
12:51128414:G:A_G,0.0007964
12:42156791:T:C_C,0.0008069
12:22862904:C:G_G,0.0008329
12:18195007:GA:G_G,0.000836
12:25729001:C:T_C,0.0008432
12:50929151:AT:A_A,0.0008605
12:15672785:G:A_A,0.0008639
12:15674275:G:T_T,0.0008639
12:15674301:C:G_G,0.0008639
12:15674531:C:T_T,0.0008639
12:15675123:T:A_A,0.0008639
12:15675146:A:C_C,0.0008639
12:15675147:T:A_A,0.0008639
12:15675470:G:A_A,0.0008639
12:15676161:C:T_T,0.0008639
12:25759047:T:C_C,0.0008671
12:25759330:C:A_A,0.0008671
12:25759802:C:T_T,0.0008671
12:25760093:A:C_C,0.0008671
12:25760839:T:C_C,0.0008671
12:25761249:G:A_A,0.0008671
12:25764157:T:C_C,0.0008671
12:25764677:T:G_G,0.0008671
12:25765290:C:T_T,0.0008671
12:25768113:G:C_C,0.0008671
12:25769011:A:G_G,0.0008671
12:25769795:A:G_G,0.0008671
12:42157239:G:GA_GA,0.0008984
12:50507086:AT:A_A,0.0009113
12:42178120:T:C_C,0.0009251
12:42178305:T:A_A,0.0009251
12:42178317:T:C_C,0.0009251
12:42180370:G:GTGTT_GTGTT,0.0009251
12:42181965:TAA:T_T,0.0009251
12:65004316:T:C_C,0.0009285
12:5394257:T:C_T,0.0009456
12:5397598:A:G_A,0.0009456
12:50998386:A:T_T,0.0009652
12:15677352:G:A_A,0.0009656
12:15677992:A:T_T,0.0009656
12:15678138:A:G_G,0.0009656
12:15678516:T:C_C,0.0009656
12:15678562:A:G_G,0.0009656
12:15679120:C:A_A,0.0009656
12:15679208:G:A_A,0.0009656
12:15682904:G:A_A,0.0009656
12:15685076:A:T_T,0.0009656
12:15685234:A:G_G,0.0009656
rs6488783_G,0.0009656
12:15686785:T:C_C,0.0009656
12:15686840:A:G_G,0.0009656
12:50923705:A:G_A,0.000968
12:50947729:G:T_G,0.000968
12:50961023:G:A_A,0.000968
12:50964494:A:G_G,0.000968
12:50980504:T:C_C,0.000968
12:51004978:C:T_T,0.000968
12:51028544:T:A_T,0.000968
12:51030764:G:A_G,0.000968
12:51049149:G:A_G,0.000968
rs2684908_T,0.000968
12:51078500:G:A_G,0.000968
12:51082254:G:A_G,0.000968
12:51115582:C:T_C,0.000968
12:22862880:C:G_G,0.000975
12:15680809:A:ACCCGCCCACCACCCC_ACCCGCCCACCACCCC,0.0009764
12:122284715:T:C_T,0.0009772
12:15681456:C:CAA_CAA,0.0009987
rs11835548_G,0.001013
12:99171274:C:G_G,0.001021
12:114502276:A:C_A,0.001041
12:117078928:C:T_T,0.001053
12:71301276:C:T_T,0.001074
12:71311106:G:A_A,0.001074
12:71312487:T:A_A,0.001074
12:18112254:T:G_G,0.001105
12:18117211:T:C_C,0.001105
12:20790891:T:C_C,0.001123
12:132693487:T:C_C,0.001131
12:132693899:G:A_A,0.001131
12:50611311:T:A_A,0.001141
rs6582362_T,0.001149
12:59918315:A:AT_A,0.00115
12:14396565:T:C_C,0.001151
12:51257241:C:A_C,0.001151
12:25603066:A:G_G,0.001164
12:25603192:G:A_A,0.001164
12:25603369:G:C_C,0.001164
12:25603534:G:A_A,0.001164
12:25603628:T:G_G,0.001164
12:25604860:T:C_C,0.001164
12:25609359:T:C_C,0.001164
12:25617158:T:A_A,0.001164
12:51124161:CTCTCT:C_C,0.001171
12:132045714:C:T_T,0.001176
12:132047573:C:T_T,0.001176
12:132047834:G:T_T,0.001176
12:22862003:G:A_G,0.001178
12:3061578:A:AAAC_AAAC,0.001179
12:95950626:C:T_T,0.001187
12:95954955:G:A_A,0.001187
12:48843912:A:C_C,0.001202
12:48844318:A:G_G,0.001202
12:48844656:T:C_C,0.001202
12:48845441:T:A_A,0.001202
12:48848115:G:A_A,0.001202
12:48848242:C:T_T,0.001202
12:48848721:G:A_A,0.001202
rs1600351_C,0.001203
12:3388522:G:C_C,0.001207
12:48889908:G:A_A,0.001229
12:48890886:T:C_C,0.001229
12:48905998:C:T_T,0.001229
12:48908397:A:G_G,0.001229
12:48909045:C:T_T,0.001229
12:48919793:T:C_C,0.001229
12:48920942:CATT:C_C,0.001229
12:63058957:A:G_G,0.001255
12:98716380:A:T_T,0.001256
12:6049343:T:C_C,0.001261
12:6049381:G:C_C,0.001261
12:8144661:A:G_G,0.001263
12:5395676:C:T_C,0.001267
12:97221337:G:A_G,0.001276
12:122336772:C:T_C,0.001277
12:122336775:C:G_C,0.001277
12:97414613:T:C_C,0.001292
12:127932235:T:C_T,0.001292
12:127932885:A:G_A,0.001292
12:127932889:T:C_T,0.001292
12:127934525:T:C_T,0.001292
12:127934627:C:T_C,0.001292
12:127935555:C:T_C,0.001292
12:53373962:C:T_C,0.001301
12:51084018:C:T_T,0.001321
12:101132373:G:A_G,0.001323
12:96940606:CA:CAA_CAA,0.001343
12:117896209:G:GT_GT,0.001345
12:7648286:A:C_C,0.001351
12:122286736:C:T_C,0.001352
12:42175755:T:TA_TA,0.001362
12:42175814:A:T_T,0.001362
12:50549381:G:A_A,0.001363
12:74348904:T:TAC_TAC,0.001372
12:18075189:C:A_A,0.001374
12:18075643:T:C_C,0.001374
12:18075974:G:A_A,0.001374
12:18076383:A:C_C,0.001374
12:15679676:T:C_C,0.001381
12:99928583:G:T_T,0.001388
12:99928757:G:C_C,0.001388
12:99928944:A:G_G,0.001388
12:50731698:TAAAC:T_T,0.001391
12:11707435:G:A_A,0.001422
12:96891719:A:G_G,0.001427
12:96893209:A:T_T,0.001427
12:96907581:T:C_C,0.001427
12:96908959:G:A_A,0.001427
12:96909303:G:T_T,0.001427
12:96910218:A:T_T,0.001427
12:96912429:A:G_G,0.001427
rs7297965_C,0.001427
12:96920097:A:G_G,0.001427
12:96921371:G:A_A,0.001427
12:96927022:G:A_A,0.001427
12:96927376:G:C_C,0.001427
12:96929997:T:C_C,0.001427
12:96934077:A:G_G,0.001427
12:96936665:C:T_T,0.001427
12:96936687:G:A_A,0.001427
12:96943394:G:A_A,0.001427
12:27438034:A:G_G,0.001428
12:109627675:G:A_A,0.001443
12:109628105:C:G_G,0.001443
12:50990850:C:A_A,0.001447
12:50993097:A:G_G,0.001447
12:50458096:G:T_T,0.001458
12:50469467:A:G_G,0.001458
12:127942322:G:T_T,0.001503
12:127942475:A:G_G,0.001503
12:127944399:AG:A_A,0.001503
rs12368540_G,0.001503
12:127949337:T:C_C,0.001503
12:127949887:A:G_G,0.001503
12:127950811:T:G_G,0.001503
12:127950944:T:G_G,0.001503
12:127952338:C:T_T,0.001503
12:127955638:T:C_C,0.001503
12:127956635:G:A_A,0.001503
12:127957724:G:A_A,0.001503
12:12487161:C:A_A,0.001506
12:97219461:C:T_T,0.00151
12:12490450:G:A_A,0.001521
12:70988719:T:C_C,0.001532
12:106251024:T:A_A,0.001543
12:8145091:AAAAAAC:A_AAAAAAC,0.001546
12:77217193:T:C_C,0.001549
12:101132821:T:TTA_T,0.001556
12:51317235:CT:C_CT,0.001557
12:74442420:G:A_A,0.00156
12:74449371:A:G_G,0.00156
12:74454911:A:T_T,0.00156
12:74454937:C:T_T,0.00156
12:74460019:T:C_C,0.00156
12:74460439:C:A_A,0.00156
12:74466910:C:T_T,0.00156
12:74467396:G:A_A,0.00156
12:74467905:T:C_C,0.00156
12:74472786:G:T_T,0.00156
12:74476822:T:C_C,0.00156
12:74481378:T:C_C,0.00156
12:74484387:C:G_G,0.00156
12:74484536:C:T_T,0.00156
12:74484986:G:A_A,0.00156
12:74486750:T:C_C,0.00156
12:74488719:T:C_C,0.00156
12:74489764:T:C_C,0.00156
12:74491627:G:A_A,0.00156
12:74492568:T:C_C,0.00156
12:74493555:C:A_A,0.00156
12:74495006:A:G_G,0.00156
12:74495209:CTTCT:C_C,0.00156
12:74495388:A:G_G,0.00156
12:74510145:A:T_T,0.00156
12:74510976:C:T_T,0.00156
12:74512140:A:G_G,0.00156
12:74513151:A:C_C,0.00156
12:74514939:A:G_G,0.00156
12:74520617:T:G_G,0.00156
12:74521219:G:A_A,0.00156
12:74523219:G:A_A,0.00156
12:74525779:T:C_C,0.00156
12:74530389:T:G_G,0.00156
12:74530400:T:G_G,0.00156
12:74530410:C:A_A,0.00156
12:74530411:A:T_T,0.00156
12:74532289:T:C_C,0.00156
12:74533995:C:A_A,0.00156
12:74543795:C:T_T,0.00156
12:74545304:T:G_G,0.00156
12:74545608:GTA:G_G,0.00156
12:74555636:C:T_T,0.00156
12:74556765:T:A_A,0.00156
12:132017886:C:T_T,0.00156
12:132017888:G:C_C,0.00156
12:97400425:A:G_G,0.001568
rs2371356_G,0.001568
12:97409765:T:C_C,0.001568
12:18089347:A:C_C,0.001572
12:18092897:A:T_T,0.001572
12:18094067:T:C_C,0.001572
12:18094072:C:G_G,0.001572
12:18094151:A:G_G,0.001572
12:18095671:A:G_G,0.001572
12:97387576:T:C_C,0.00161
12:97388890:G:C_C,0.00161
12:97388891:A:C_C,0.00161
12:97393553:T:C_C,0.00161
12:97394691:A:C_C,0.00161
12:97396226:T:C_C,0.00161
rs7977174_C,0.001641
12:103974255:G:A_A,0.001655
12:103975765:C:T_T,0.001655
12:103977261:T:G_G,0.001655
12:103977546:G:A_A,0.001655
12:103982229:CT:C_C,0.001655
12:103982265:C:A_A,0.001655
12:103983543:A:G_G,0.001655
12:103988896:T:C_C,0.001655
12:103990518:G:A_A,0.001655
12:103992670:G:A_A,0.001655
12:103993926:C:A_A,0.001655
12:103997143:G:A_A,0.001655
12:104005251:G:T_T,0.001655
12:104006636:G:A_A,0.001655
12:104006970:G:T_T,0.001655
12:104009050:GA:G_G,0.001655
12:104009252:C:T_T,0.001655
12:104011319:G:C_C,0.001655
12:96897017:TTC:T_T,0.001659
12:127961353:C:G_G,0.001671
12:117985667:C:T_T,0.001679
12:67084540:T:G_T,0.001693
12:64654937:T:G_G,0.001699
12:12492825:C:T_T,0.001708
12:12494997:C:A_A,0.001708
12:12499200:G:A_A,0.001708
12:18160693:G:C_C,0.001712
12:65002969:T:G_G,0.001724
12:15680877:C:T_T,0.001743
12:15681170:G:C_C,0.001743
12:15681918:C:A_A,0.001743
12:15682707:A:G_G,0.001743
12:51304856:T:C_C,0.001754
12:51311166:C:G_G,0.001754
rs10783405_C,0.001754
12:97221040:G:A_G,0.001764
12:97226719:G:A_G,0.001764
12:97227402:T:G_T,0.001764
12:101104123:A:T_T,0.001767
12:101105532:C:T_T,0.001767
12:97350454:G:A_G,0.001809
12:7680854:A:G_G,0.001817
12:97221411:A:G_G,0.001837
12:97230573:G:A_A,0.001837
12:5399348:G:A_A,0.001838
12:5399350:C:G_G,0.001838
12:53371940:C:T_T,0.001861
12:97509968:T:A_T,0.001864
12:51241685:T:A_A,0.001892
12:101165369:T:C_T,0.001909
12:18102093:A:G_G,0.001921
rs7970960_C,0.001921
12:18102984:T:G_G,0.001921
12:18104032:T:C_C,0.001921
exm1045208_T,0.001937
12:122301275:C:T_T,0.001937
12:122302586:C:T_T,0.001937
12:122306419:CTTTTTTCTT:C_CTTTTTTCTT,0.001937
12:122307089:G:C_G,0.001937
12:122307286:G:A_G,0.001937
12:122307472:C:CTT_C,0.001937
12:122307580:A:G_A,0.001937
12:51019633:TC:T_TC,0.00194
12:97444872:CA:C_CA,0.001941
12:8144234:A:G_A,0.001953
12:8155409:G:A_G,0.001953
12:8156871:T:C_T,0.001953
12:8160470:T:C_T,0.001953
12:8163511:G:C_G,0.001953
12:8163724:A:G_A,0.001953
12:8165913:T:C_T,0.001953
12:8166089:TAAATA:T_TAAATA,0.001953
12:8169095:G:C_G,0.001953
12:8171056:T:C_T,0.001953
12:50526491:A:AGAGTGT_AGAGTGT,0.001957
12:50526814:G:A_A,0.001957
12:96914361:CT:C_C,0.00196
12:96921405:C:T_T,0.00196
12:96924818:A:G_G,0.00196
12:96940490:C:T_T,0.00196
12:99967685:A:T_T,0.00196
12:50537060:C:G_G,0.002001
12:50537187:C:CTTG_CTTG,0.002001
12:50538625:A:G_G,0.002001
12:50539264:A:G_G,0.002001
12:50539764:G:C_C,0.002001
12:50541810:G:A_A,0.002001
12:50543422:T:C_C,0.002001
12:50547528:A:G_G,0.002001
12:50550044:G:A_A,0.002001
12:50550543:G:A_A,0.002001
rs10876006_A,0.002001
12:50554967:G:T_T,0.002001
12:50555939:A:G_G,0.002001
12:50556633:C:T_T,0.002001
12:97198435:C:G_C,0.002071
12:97203085:T:A_T,0.002071
12:97203539:G:C_G,0.002071
12:97204924:T:C_T,0.002071
12:22864523:G:A_A,0.00209
12:30380222:C:T_T,0.002105
12:42140635:T:C_C,0.002121
12:42140826:T:C_C,0.002121
12:42144304:G:T_T,0.002121
12:42146732:GT:G_G,0.002121
12:42151813:G:C_C,0.002121
12:42152016:T:C_C,0.002121
12:42153337:C:T_T,0.002121
12:42157840:A:G_G,0.002121
12:42159517:G:T_T,0.002121
12:42159641:T:C_C,0.002121
12:42162902:C:G_G,0.002121
12:42163837:T:C_C,0.002121
12:42164144:T:C_C,0.002121
12:42167523:T:C_C,0.002121
12:42170693:C:G_G,0.002121
12:42170773:G:A_A,0.002121
12:42172480:G:A_A,0.002121
12:42173738:A:G_G,0.002121
12:42176286:C:T_T,0.002121
12:42176642:T:C_C,0.002121
12:42177315:G:GA_GA,0.002121
12:42178976:G:A_A,0.002121
12:42179472:G:A_A,0.002121
12:42179734:C:T_T,0.002121
12:42183871:T:G_G,0.002121
12:42189272:T:C_C,0.002121
12:42189291:C:T_T,0.002121
12:42192485:A:T_T,0.002121
12:42195787:G:A_A,0.002121
12:42195846:G:A_A,0.002121
12:42197709:T:A_A,0.002121
12:42198313:C:T_T,0.002121
12:42198442:C:G_G,0.002121
12:42198945:A:G_G,0.002121
12:42201639:C:A_A,0.002121
12:42203581:A:G_G,0.002121
12:42207911:G:A_A,0.002121
12:42209925:T:C_C,0.002121
12:42212344:C:T_T,0.002121
12:42213876:C:A_A,0.002121
12:42216635:T:A_A,0.002121
12:42217063:A:G_G,0.002121
12:42219874:A:T_T,0.002121
12:42220309:G:A_A,0.002121
12:42221563:A:AG_AG,0.002121
12:97219157:G:A_A,0.002124
12:97220312:TTA:T_T,0.002124
12:97224280:G:C_C,0.002124
12:97231171:T:A_A,0.002124
12:97234394:CTGTT:C_C,0.002124
12:97234942:A:G_G,0.002124
12:97250453:G:C_C,0.002124
12:97261165:C:T_T,0.002124
12:96968811:T:C_C,0.002172
12:78440330:T:A_A,0.002196
12:122384457:A:C_A,0.002225
12:122397855:C:A_C,0.002225
12:12492014:G:C_C,0.002241
12:12498225:G:A_A,0.002241
12:12499179:T:C_C,0.002241
12:12501119:A:G_G,0.002241
12:47862478:A:AT_AT,0.002286
12:79567876:T:C_C,0.002292
12:50583872:C:T_T,0.002323
12:50584495:T:C_C,0.002323
12:50784312:T:G_G,0.002323
12:96967213:A:G_G,0.002328
12:25714686:C:G_C,0.002345
12:104009817:G:A_A,0.002345
12:104011045:C:A_A,0.002345
12:48910974:G:T_T,0.002387
12:117075224:AT:A_A,0.002392
12:95992744:G:A_A,0.002426
12:97240587:C:G_G,0.002444
12:116031950:C:G_G,0.002454
12:116044740:C:T_T,0.002454
12:116059064:C:T_T,0.002454
12:116070499:A:G_G,0.002454
12:116087227:C:T_T,0.002454
12:101131208:T:G_T,0.002458
12:101132199:A:G_A,0.002458
12:101132807:TA:T_TA,0.002458
12:101133912:G:A_G,0.002458
12:12504997:G:A_A,0.002467
12:18147123:A:G_G,0.002476
12:77426192:T:C_C,0.002476
12:5482280:T:G_G,0.002494
12:59130358:G:A_A,0.002496
12:99114879:G:A_G,0.002517
12:76562671:G:A_A,0.002528
12:76570975:T:C_C,0.002528
12:76599077:T:C_C,0.002528
12:7684057:C:A_A,0.002551
12:7686739:G:A_A,0.002551
12:125085076:TTTA:T_T,0.002554
12:89828956:CT:C_CT,0.002556
12:11706629:C:A_A,0.002567
12:11731103:A:G_G,0.002567
12:11741163:C:G_G,0.002567
12:8300064:A:G_G,0.002575
12:8308449:T:G_G,0.002575
12:8310035:A:G_G,0.002575
12:91613095:C:T_T,0.002587
12:91614098:A:G_G,0.002587
12:100575588:G:A_A,0.002601
12:28365286:A:G_G,0.002604
12:132079654:T:C_C,0.002622
12:132081201:C:T_T,0.002622
12:13500239:G:C_C,0.002628
12:20601686:G:T_T,0.002629
12:14489551:A:C_A,0.00265
12:132691191:C:CA_C,0.002654
12:51238221:A:G_A,0.002665
12:95956830:C:T_T,0.002665
12:64984142:G:T_T,0.002686
12:64984690:A:G_G,0.002686
12:64985469:A:T_T,0.002686
12:64987941:C:T_T,0.002686
12:97274300:G:A_G,0.002694
12:74130231:G:A_A,0.002724
12:74131740:A:G_G,0.002724
12:74138794:T:C_C,0.002724
12:74140624:TAAAACTC:T_T,0.002724
12:74144161:GA:G_G,0.002724
12:74146962:G:T_T,0.002724
12:74154190:G:A_A,0.002724
12:74154975:A:G_G,0.002724
12:74155803:T:C_C,0.002724
12:74163886:C:T_T,0.002724
12:74171655:C:T_T,0.002724
12:74173021:T:C_C,0.002724
12:74175874:G:A_A,0.002724
12:74178915:T:C_C,0.002724
12:74182573:C:A_A,0.002724
12:74183540:T:C_C,0.002724
12:74183559:C:T_T,0.002724
12:74184362:A:T_T,0.002724
12:74196805:T:C_C,0.002724
12:74196902:A:G_G,0.002724
12:74201361:A:G_G,0.002724
12:74201705:T:C_C,0.002724
12:74204381:T:C_C,0.002724
12:74206062:C:T_T,0.002724
12:74207309:A:G_G,0.002724
12:74208119:C:T_T,0.002724
12:74209086:C:T_T,0.002724
12:74211498:T:C_C,0.002724
12:74211600:T:C_C,0.002724
12:74213335:T:C_C,0.002724
12:74218042:G:A_A,0.002724
12:74222513:G:A_A,0.002724
12:74223845:C:T_T,0.002724
12:74224427:G:A_A,0.002724
12:74231771:G:A_A,0.002724
12:74236987:T:C_C,0.002724
12:74238338:C:T_T,0.002724
12:74241979:G:A_A,0.002724
12:74243301:T:C_C,0.002724
12:74245367:C:T_T,0.002724
12:74249247:C:T_T,0.002724
12:129484158:T:C_T,0.002734
12:32496787:T:C_C,0.002738
12:64983845:CAAA:C_CAAA,0.002751
12:8167368:AAAT:A_AAAT,0.002764
12:8167401:A:G_A,0.002764
12:8167412:G:A_G,0.002764
12:8167541:A:G_A,0.002764
12:125087207:A:G_G,0.002793
12:23160673:C:T_T,0.00281
12:28632542:A:G_G,0.002811
12:97219047:TAAC:T_T,0.002816
rs1035203_A,0.002816
12:7356574:TTCTTA:T_T,0.002819
12:89779937:T:A_A,0.002844
12:42121366:A:C_C,0.002858
12:42122187:T:A_A,0.002858
12:42123391:C:T_T,0.002858
12:89464050:C:T_T,0.002862
12:89466335:C:T_T,0.002862
12:22864611:G:C_C,0.002871
rs4492859_T,0.002876
12:48942679:C:G_C,0.002876
12:48944340:G:T_G,0.002876
12:48945742:T:C_T,0.002876
12:89779196:C:T_T,0.002882
rs7305095_T,0.002882
12:97410012:T:C_C,0.002915
12:118214912:T:C_C,0.002915
12:91194805:T:C_T,0.002917
12:30638585:C:T_T,0.002929
12:4548426:G:A_A,0.002947
12:96827138:C:CAGG_C,0.00295
12:74436663:C:T_T,0.002952
12:8303978:T:A_A,0.002963
12:8305249:C:T_T,0.002963
12:8305368:TG:T_T,0.002963
12:8305588:T:A_A,0.002963
12:8305976:G:T_T,0.002963
12:8306414:A:G_G,0.002963
12:8306476:C:T_T,0.002963
12:8306590:G:T_T,0.002963
12:8306829:C:T_T,0.002963
12:8306902:C:T_T,0.002963
12:8307004:G:A_A,0.002963
rs4293193_A,0.002963
12:8307968:G:A_A,0.002963
12:8308025:T:C_C,0.002963
12:8308145:C:G_G,0.002963
12:14555061:CT:C_CT,0.002967
12:15118854:T:C_C,0.002971
12:15120728:C:T_T,0.002971
12:15123647:GT:G_G,0.002971
12:15124422:A:G_G,0.002971
rs12305014_C,0.002971
12:97235508:C:A_A,0.002976
12:97238307:A:C_C,0.002976
12:97238617:C:T_T,0.002976
12:97245096:C:A_A,0.002976
12:97266463:C:T_T,0.002976
12:50528686:GA:G_G,0.002981
12:50529014:C:T_T,0.002981
12:50531968:T:C_C,0.002981
12:50532188:G:GA_GA,0.002981
12:50534159:A:C_C,0.002981
12:50534842:T:A_A,0.002981
12:50535710:A:G_G,0.002981
12:42137380:T:A_T,0.00299
12:117076040:C:G_G,0.00299
12:25069764:T:C_T,0.003006
12:25072447:G:A_G,0.003006
12:32691912:C:G_G,0.003022
12:32694416:C:T_T,0.003022
12:117900360:A:G_G,0.003022
12:131650531:A:G_A,0.00303
12:98971701:C:T_T,0.00304
12:97234404:C:T_T,0.003046
12:22863384:GA:G_G,0.003063
12:50515765:T:C_C,0.003071
12:99114292:C:A_C,0.003079
12:99115219:G:A_G,0.003079
12:99119833:T:G_T,0.003079
12:99121548:G:A_G,0.003079
12:99122324:G:C_G,0.003079
12:106248277:T:A_A,0.003096
12:48321699:A:G_G,0.003101
12:48322271:C:G_G,0.003101
rs1779735_C,0.003106
12:122478854:C:T_C,0.003112
12:6122028:C:T_T,0.003124
12:99928895:G:A_A,0.003127
12:99936990:A:G_G,0.003127
12:99937435:C:T_T,0.003127
12:99948115:A:G_G,0.003127
12:97385681:A:C_C,0.00318
12:97391489:T:C_C,0.00318
12:97394783:A:G_G,0.00318
12:92521039:CT:C_CT,0.003191
12:132688985:G:A_G,0.003191
12:132689923:G:A_G,0.003191
12:132691362:G:A_G,0.003191
exm2267408_G,0.003191
12:50703487:C:G_G,0.003197
12:124749208:C:T_T,0.003201
12:71323158:GT:G_G,0.003204
12:71327124:C:A_A,0.003204
12:71329471:G:A_A,0.003204
12:71331320:C:T_T,0.003204
12:71332066:T:A_A,0.003204
12:71332262:C:T_T,0.003204
12:71333596:A:G_G,0.003204
12:53126815:G:A_A,0.003211
12:53140873:C:T_T,0.003211
12:51293132:G:C_C,0.003226
12:68294166:G:A_G,0.003232
12:52966368:C:T_T,0.003235
12:95997209:G:C_C,0.00326
12:89783985:C:T_C,0.003264
12:99944401:C:CA_CA,0.00327
12:117917833:A:G_A,0.003275
12:132076095:T:C_C,0.003275
12:52467674:TGGGGAGTTCAAGGTAAGGGTGTC:T_T,0.003286
12:50562980:T:A_A,0.003312
12:132683099:T:TC_T,0.003314
12:7732941:T:C_C,0.003319
12:7773839:G:A_A,0.003319
12:7783726:C:T_T,0.003319
12:131900618:C:G_C,0.003326
12:53383297:CA:C_C,0.003345
12:7650746:G:C_C,0.003348
12:51238989:T:C_C,0.003352
12:51242266:G:C_C,0.003352
12:51242403:C:T_T,0.003352
12:20289864:T:C_C,0.003362
12:14746372:T:TG_T,0.003364
12:97371887:CT:C_C,0.003367
12:97372699:A:G_G,0.003367
12:97374049:A:G_G,0.003367
12:130506768:A:G_A,0.003375
12:129462317:C:T_C,0.003384
12:6048659:G:T_T,0.003401
12:6049568:C:G_G,0.003401
12:132057829:G:A_A,0.00341
12:132059458:C:A_A,0.00341
12:127914036:G:GA_GA,0.003413
12:31406347:C:T_T,0.003423
12:31408696:T:G_G,0.003423
exm-rs12423595_C,0.003423
12:78357686:CTTCTCCTTCT:C_C,0.003431
12:22863971:A:G_G,0.003454
12:3060694:C:CAAAACAAAAACAAAAAC_CAAAACAAAAACAAAAAC,0.003462
12:97381151:T:A_A,0.003466
12:97384178:TC:T_T,0.003466
12:32756608:C:T_T,0.003468
12:53119335:G:A_A,0.003474
12:53120545:G:A_A,0.003474
12:53121748:A:G_G,0.003474
12:103971876:T:C_C,0.00348
12:101144442:T:C_T,0.003517
12:101148672:A:G_A,0.003517
12:9448920:T:G_G,0.003539
12:87881167:C:T_T,0.003565
12:131880502:A:G_G,0.003569
12:131880505:G:A_A,0.003569
12:118388554:A:T_T,0.003577
12:64997752:T:C_C,0.003588
12:64998758:A:T_T,0.003588
12:5632882:C:A_A,0.003631
12:25528516:A:AT_AT,0.003634
12:12211935:G:A_A,0.003637
12:64963658:C:T_T,0.003656
12:64963697:G:A_A,0.003656
12:12746382:C:T_T,0.003673
12:132038318:G:C_C,0.003675
12:132067708:A:G_G,0.003691
12:132069884:C:A_A,0.003691
12:32084220:CA:C_C,0.0037
12:32084747:C:T_T,0.0037
12:125079056:C:T_T,0.00372
12:131903765:T:C_T,0.003733
12:131903808:A:G_A,0.003733
12:131904581:A:G_A,0.003733
12:97377561:A:G_G,0.003737
12:618915:G:A_A,0.003738
12:619550:A:T_T,0.003738
12:620228:G:A_A,0.003738
12:53108284:C:A_A,0.003743
12:53110991:G:A_A,0.003743
12:12745839:C:CAAAAG_CAAAAG,0.003751
12:10076222:A:G_A,0.003773
12:10077463:A:C_A,0.003773
12:78499267:G:A_A,0.003777
12:98910320:T:G_G,0.003782
12:98932870:C:T_T,0.003782
12:98962622:A:T_T,0.003782
12:99036171:G:A_A,0.003782
12:99112717:T:C_C,0.003782
12:99157555:C:T_T,0.003782
12:117148811:T:TACAC_TACAC,0.003806
12:25409506:G:A_A,0.003809
rs7311822_T,0.003813
12:22867833:CCT:C_C,0.003813
12:22868165:C:T_T,0.003813
12:22868305:G:A_A,0.003813
12:127935910:C:T_C,0.003813
12:95942525:G:GCGCGCCCT_GCGCGCCCT,0.00382
12:70217764:GAT:G_GAT,0.003831
12:7388211:T:C_C,0.003861
12:117897164:A:AAGG_AAGG,0.00387
12:132687184:A:C_A,0.003898
12:132689898:G:A_G,0.003907
12:48848640:A:G_G,0.003913
12:3058903:C:T_T,0.003917
12:3059623:G:C_C,0.003917
12:3059639:C:T_T,0.003917
12:131879434:G:C_G,0.003918
12:131885338:T:C_T,0.003918
12:131885339:G:A_G,0.003918
12:131887436:TA:T_TA,0.003918
12:131887538:T:C_T,0.003918
12:131895896:G:A_G,0.003918
12:97406486:TTA:T_T,0.003919
12:19812930:G:A_A,0.003922
12:51254423:T:C_C,0.003926
12:71322275:G:T_T,0.003933
12:4562311:C:T_T,0.003936
12:25330855:AT:A_A,0.003962
12:25331068:T:C_C,0.003962
12:48923774:G:A_A,0.003974
12:48924675:T:C_C,0.003974
12:54581571:A:AT_A,0.003975
12:28514913:A:G_G,0.003985
12:28515881:A:T_T,0.003985
12:12514050:T:C_C,0.004025
12:15129717:T:A_A,0.004026
12:76667878:G:C_C,0.004035
12:97233957:G:T_T,0.004045
12:97220959:G:A_G,0.004089
12:97220986:G:A_G,0.004089
12:132698424:G:A_G,0.004098
12:71335602:T:TG_TG,0.0041
12:7631914:C:T_C,0.004111
12:25069447:C:CT_C,0.004118
12:95958963:A:C_C,0.004123
12:65272928:A:G_G,0.004125
12:127925879:A:AATTAGCTCCATTCC_AATTAGCTCCATTCC,0.004148
12:131886145:T:A_T,0.004149
rs10774922_C,0.004171
12:89779344:A:G_G,0.004182
12:50657641:T:A_A,0.004195
12:50657642:A:G_G,0.004195
12:116396750:CCTTT:C_C,0.004203
12:116611242:T:C_C,0.004203
12:25086171:G:C_C,0.004213
12:95580081:G:C_C,0.004221
12:51208603:CT:C_C,0.004224
12:52956335:C:T_T,0.004231
12:9436055:C:T_T,0.004234
12:122303499:G:A_G,0.004236
12:32503542:G:A_G,0.00426
12:32511211:T:A_A,0.00426
12:32512441:ATAACCCATGAATCCAT:A_A,0.00426
12:32513802:C:T_T,0.00426
12:32514324:C:T_C,0.00426
12:50566658:C:T_T,0.004288
12:50568552:C:T_T,0.004288
12:50568920:G:A_A,0.004288
12:50569376:A:AT_AT,0.004288
12:50569466:TAA:T_T,0.004288
12:97324738:A:G_G,0.004315
12:97328165:T:C_C,0.004315
12:97334731:C:T_T,0.004315
12:97337696:C:T_T,0.004315
12:75595764:A:G_G,0.004322
12:8302530:A:G_A,0.004324
12:117889159:T:C_C,0.004334
12:117889213:C:T_T,0.004334
12:117889383:G:A_A,0.004334
rs10744897_T,0.004334
12:117889769:T:C_C,0.004334
12:117892684:GA:G_G,0.004334
12:108707647:G:A_G,0.004342
12:64996951:T:G_G,0.004344
rs373291_A,0.004355
12:132696253:G:A_G,0.004361
12:67095808:T:C_C,0.004362
12:30378295:A:G_G,0.00438
12:30378686:A:T_T,0.00438
12:30378816:T:C_C,0.00438
12:30378926:AAAC:A_A,0.00438
12:30379425:A:AT_AT,0.00438
rs10743705_C,0.00438
12:30379843:G:C_C,0.00438
12:96967292:T:A_A,0.004381
12:7432738:G:T_T,0.004384
12:97360147:C:T_C,0.004398
12:45064377:A:<INS:ME:ALU>:45064650_<INS:ME:ALU>,0.004424
12:71380227:G:T_T,0.004443
12:68777145:CCACACACA:C_C,0.004445
rs6538506_G,0.004445
12:94929669:G:C_C,0.004445
12:51266340:A:AT_AT,0.004458
12:13500896:G:A_A,0.004476
12:58787588:G:T_G,0.00449
12:14506965:C:G_G,0.004515
12:96087869:T:C_T,0.004516
12:30653050:G:C_C,0.004517
12:129485737:T:C_T,0.004579
12:97393012:T:A_A,0.004584
12:88141324:AT:A_A,0.004603
12:614204:A:G_G,0.004637
12:32491969:C:T_T,0.004654
12:32494755:T:C_C,0.004654
12:32494853:T:G_G,0.004654
12:132697824:A:G_A,0.004664
12:115966307:GTA:G_G,0.004674
12:25412129:T:C_C,0.004682
12:68315559:T:C_T,0.004693
12:12484420:A:T_A,0.004697
12:32715500:G:T_T,0.004703
12:32715501:C:T_T,0.004703
12:32716708:G:A_A,0.004703
12:32716845:G:A_A,0.004703
12:32732224:C:T_T,0.004703
12:129483252:C:G_C,0.004703
12:129483265:A:G_A,0.004703
12:129483295:C:G_C,0.004703
12:129483373:G:A_G,0.004703
12:129483540:ATATGT:A_ATATGT,0.004703
12:3057294:C:CA_CA,0.004728
12:92599040:T:TA_TA,0.004787
12:116134068:G:C_G,0.004789
12:97246734:C:G_G,0.004809
12:97262973:T:C_C,0.004809
12:98625318:G:C_C,0.004813
12:6945914:C:G_G,0.004817
12:20554110:C:T_C,0.004818
12:30631388:T:C_C,0.004819
12:92503437:G:T_T,0.004826
12:127936666:C:A_C,0.004835
12:56488735:C:CA_C,0.004855
12:130007547:T:C_C,0.004856
12:100579821:C:T_T,0.004858
rs11114391_A,0.004864
12:80702629:C:G_G,0.004864
12:80707210:A:T_T,0.004864
12:53108683:A:C_A,0.004875
12:13493906:A:T_T,0.004876
12:13495643:C:T_T,0.004876
12:122419818:AC:A_AC,0.004879
12:97281773:A:G_G,0.004896
12:97285979:CTTTCAGCCCAATAAACTGAACTCT:C_C,0.004896
12:97287609:C:T_T,0.004896
12:91171102:T:A_A,0.004898
12:63296805:T:C_C,0.004906
12:117907760:C:T_C,0.004944
12:25408325:ATAAC:A_A,0.004948
12:131886100:T:G_T,0.00495
12:131886111:C:T_C,0.00495
12:14576482:T:C_C,0.00498
exm986697_G,0.00498
12:48879951:T:G_G,0.004988
12:48881492:A:G_G,0.004988
12:89391032:T:G_G,0.004991
12:3349796:G:A_A,0.004993
12:7676484:T:C_C,0.004997
12:7677065:C:T_T,0.004997
12:117900160:G:T_T,0.005023
12:9436053:C:T_T,0.005038
12:101120738:A:AC_AC,0.005038
12:101121864:AATT:A_A,0.005038
12:101125089:A:C_A,0.005038
12:101127907:T:C_T,0.005038
rs1106877_C,0.005038
rs2286782_A,0.005057
12:9431770:AT:A_A,0.005071
12:12511991:T:C_C,0.005071
12:12512906:G:T_T,0.005071
12:131905119:G:A_G,0.005073
12:131905156:C:T_C,0.005073
12:77425742:C:T_T,0.005075
12:77427455:C:T_T,0.005075
12:77432902:G:C_C,0.005075
12:7688054:G:C_C,0.005076
12:91387276:G:A_A,0.005076
12:132059806:A:G_G,0.005079
12:117902158:T:C_C,0.005115
12:42133722:A:G_A,0.005119
rs6487465_C,0.005148
12:74560963:T:C_C,0.005159
12:74560964:G:T_T,0.005159
12:74562778:C:A_A,0.005159
12:39874259:CA:C_C,0.005168
12:14638658:C:T_T,0.005169
12:14645447:AATTG:A_A,0.005169
12:14651467:GAAAT:G_G,0.005169
12:97564740:T:TAA_T,0.005198
12:101205908:C:T_C,0.005212
12:13071901:G:A_A,0.005222
12:25306255:T:C_C,0.005231
12:123469141:C:T_T,0.00526
12:123495289:C:A_A,0.00526
12:123507484:G:A_A,0.00526
12:123535658:GCCCA:G_G,0.00526
12:123539955:T:C_C,0.00526
12:123540022:G:A_A,0.00526
12:123542492:T:C_C,0.00526
12:123554186:C:T_T,0.00526
12:123571503:C:G_G,0.00526
12:123595749:C:A_A,0.00526
12:123600280:AC:A_A,0.00526
12:69769306:C:T_T,0.005307
12:11615243:T:C_C,0.005321
12:132292225:G:A_A,0.005321
12:122304287:T:TA_TA,0.005324
12:117890020:C:T_T,0.005339
12:117894929:C:T_T,0.005339
12:41993483:G:T_T,0.005343
12:32503260:A:T_A,0.005372
12:32504500:A:AC_A,0.005372
12:32504511:C:T_C,0.005372
12:32506857:G:A_A,0.005372
12:32508765:G:A_A,0.005372
12:127925165:T:A_A,0.005372
12:5282221:G:A_G,0.00538
12:5282487:C:T_C,0.00538
rs594537_C,0.005381
12:10076031:G:A_G,0.005381
12:105114509:GA:G_G,0.005384
12:41950342:G:C_C,0.005425
12:48925724:A:C_C,0.00543
12:48925733:A:T_T,0.00543
12:48925862:A:T_T,0.00543
12:48926277:C:CA_CA,0.00543
12:48926792:C:A_A,0.00543
12:48927514:A:G_G,0.00543
rs4409884_G,0.00543
12:48928708:G:A_A,0.00543
12:48928826:G:A_A,0.00543
12:48929072:T:C_C,0.00543
12:70118128:C:CT_CT,0.005451
12:129102898:CTG:C_C,0.005452
12:64559164:C:T_T,0.005453
12:64566164:G:A_A,0.005453
12:117907998:TATCC:T_TATCC,0.005463
12:13057818:GTTT:G_G,0.005473
12:13057822:T:G_G,0.005473
12:20282933:G:A_A,0.005479
rs10847554_T,0.005479
12:43996382:C:T_T,0.005488
12:11733185:T:C_C,0.005494
12:11741230:G:C_C,0.005494
12:11741336:TAAA:T_T,0.005494
12:53145997:A:AT_AT,0.005516
12:53147195:A:G_G,0.005516
rs4499050_T,0.005516
12:53159272:C:T_T,0.005516
12:53159399:A:C_C,0.005516
12:14484171:G:A_A,0.005527
rs10845979_G,0.005527
12:14495144:C:A_A,0.005527
12:14506956:C:T_T,0.005527
12:14511348:G:A_A,0.005527
12:14520241:T:C_C,0.005527
12:14520701:A:G_G,0.005527
12:14521182:T:C_C,0.005527
12:14526239:CAT:C_C,0.005527
12:14526967:A:AT_AT,0.005527
12:14535908:T:G_G,0.005527
12:14536666:T:G_G,0.005527
12:14552845:G:C_C,0.005527
12:14595756:G:A_A,0.005527
12:14598050:G:A_A,0.005527
12:14611522:C:T_T,0.005527
12:14612323:A:G_G,0.005527
12:97221364:G:A_G,0.005529
12:25241867:TGATAA:T_T,0.005555
12:42160205:T:A_A,0.005583
12:97067371:T:G_G,0.005593
12:14589716:CT:C_C,0.005594
12:54580273:G:A_G,0.005596
12:54580936:G:A_G,0.005596
rs2279402_A,0.005596
12:54581102:G:A_G,0.005596
12:54581314:G:A_G,0.005596
12:54581483:T:C_T,0.005596
12:54581614:T:C_T,0.005596
12:54582142:T:C_T,0.005596
12:54583115:A:G_A,0.005596
12:54583537:A:G_A,0.005596
12:54584028:G:C_G,0.005596
12:12512997:G:A_G,0.005599
12:122288332:C:CA_CA,0.005602
12:122402538:G:A_A,0.005606
12:132695710:G:A_G,0.005611
rs7971297_A,0.005621
12:131873656:T:A_T,0.005621
12:25316524:C:G_G,0.005639
12:42223408:G:T_G,0.00566
12:42223465:C:T_C,0.00566
12:52471038:T:A_A,0.005662
12:52471391:G:A_A,0.005662
12:52471587:C:T_T,0.005662
12:52471602:G:C_C,0.005662
12:52471614:T:C_C,0.005662
12:52471746:T:A_A,0.005662
12:101208457:T:C_T,0.005667
12:13496058:A:G_G,0.005671
12:13496337:A:G_G,0.005671
12:13496570:G:T_T,0.005671
12:13497980:A:G_G,0.005671
12:13498381:C:T_T,0.005671
12:13498445:A:AC_AC,0.005671
12:13498892:G:A_A,0.005671
rs1382679_T,0.005671
12:13499575:A:G_G,0.005671
12:13499671:G:A_A,0.005671
12:13499731:T:C_C,0.005671
12:13500475:A:G_G,0.005671
12:13500841:T:A_A,0.005671
12:13501229:T:G_G,0.005671
12:13501654:G:A_A,0.005671
12:13502593:G:A_A,0.005671
12:13502883:T:C_C,0.005671
12:13503005:T:G_G,0.005671
12:13503573:G:A_A,0.005671
12:13503586:T:C_C,0.005671
12:13503721:G:A_A,0.005671
12:13503881:T:G_G,0.005671
12:13504828:T:A_A,0.005671
12:14841194:T:TTCTC_TTCTC,0.005694
12:14841358:T:G_G,0.005694
12:14843141:C:T_T,0.005694
rs11056101_T,0.005694
12:14855153:G:A_A,0.005694
12:14856883:G:C_C,0.005694
12:14861585:C:T_T,0.005694
12:14863842:CAAACCTTTT:C_C,0.005694
12:14868858:G:A_A,0.005694
12:14870386:C:T_T,0.005694
12:14877109:T:C_C,0.005694
12:14881701:T:G_G,0.005694
12:14884033:G:C_C,0.005694
12:14898116:C:T_T,0.005694
12:14907878:G:A_A,0.005694
12:123409705:C:T_T,0.005698
12:123411902:A:G_G,0.005698
12:89370072:T:C_C,0.005744
12:89377792:C:T_T,0.005744
12:89381246:A:T_T,0.005744
12:89384117:A:G_G,0.005744
12:122302761:AAAC:A_AAAC,0.005757
12:63294311:G:GTAA_G,0.005773
12:10823743:G:A_A,0.005795
12:10823749:A:G_G,0.005795
12:101149417:T:A_T,0.005808
12:109305923:T:TCAG_TCAG,0.005835
12:48903304:C:T_T,0.005877
12:99262677:C:G_G,0.005881
12:122290930:G:A_G,0.0059
12:122291445:G:A_G,0.0059
12:122291714:C:G_C,0.0059
12:122291860:A:T_A,0.0059
12:122291930:C:A_C,0.0059
12:122292149:G:A_G,0.0059
12:122292962:T:G_T,0.0059
12:122293639:G:A_G,0.0059
12:122293748:T:C_T,0.0059
12:122294005:G:A_G,0.0059
12:122303755:C:T_T,0.0059
12:63295001:T:C_C,0.005905
12:63298087:T:C_C,0.005905
12:63300594:A:G_G,0.005905
12:63300811:T:C_C,0.005905
12:63301564:T:C_C,0.005905
12:63304883:T:C_C,0.005905
12:63305284:C:A_A,0.005905
12:63305655:CAT:C_C,0.005905
12:63305949:A:G_G,0.005905
12:63307138:A:G_G,0.005905
12:63309505:A:C_C,0.005905
12:101333843:G:C_G,0.005908
12:50506813:T:G_G,0.005912
12:97268596:A:T_T,0.005914
12:15159686:A:C_C,0.005925
12:15161833:G:A_A,0.005925
12:15164036:T:C_C,0.005925
12:123387633:T:G_G,0.005931
12:53296610:A:C_C,0.005947
12:75602450:A:C_C,0.005948
12:130642245:T:TATAC_TATAC,0.005955
12:113561895:T:C_C,0.005958
12:131852192:A:G_A,0.005965
12:97060877:C:A_A,0.005967
12:97064938:T:C_C,0.005967
12:97065908:GA:G_G,0.005967
12:97067277:G:A_A,0.005967
12:97715988:G:A_G,0.00597
12:118077939:G:A_A,0.005979
12:132683004:T:G_T,0.006001
12:12741069:T:C_C,0.006008
rs7980170_A,0.006008
12:14595456:G:A_G,0.006008
exm2267472_G,0.006014
12:122442444:G:A_G,0.006014
12:12504184:A:G_G,0.006024
12:12507683:G:A_A,0.006024
12:31370459:C:T_T,0.006029
12:31371766:T:A_A,0.006029
rs4931468_T,0.006029
12:31380481:A:G_G,0.006029
12:31380974:T:C_C,0.006029
12:31380980:C:G_G,0.006029
12:31381803:G:A_A,0.006029
12:31381939:A:G_G,0.006029
12:31384294:TAAAGAAA:T_T,0.006029
12:51218114:C:T_T,0.006037
12:51218323:C:G_G,0.006037
12:95957940:A:G_G,0.006039
12:95957954:G:T_T,0.006039
12:95960102:T:C_C,0.006039
12:95961100:G:A_A,0.006039
12:129101728:C:T_T,0.00604
12:58761336:C:T_C,0.006051
12:58778228:T:C_C,0.006051
12:52984593:T:C_C,0.006058
12:119784546:GA:G_G,0.006076
12:119784637:C:CT_CT,0.006076
12:119795263:CT:C_C,0.006076
12:119798806:C:T_T,0.006076
12:119798904:T:C_C,0.006076
12:119802149:A:C_C,0.006076
12:119810701:G:T_T,0.006076
12:119812492:G:GT_GT,0.006076
rs10849649_C,0.006076
12:117880342:C:A_A,0.006082
12:124009930:A:ATT_A,0.00609
12:98749770:T:C_C,0.006118
12:71338656:A:G_G,0.00613
12:71339810:G:A_A,0.00613
12:71341125:G:T_T,0.00613
12:71341147:G:A_A,0.00613
12:71341353:T:C_C,0.00613
12:71342270:G:A_A,0.00613
12:71342450:C:T_T,0.00613
12:71343448:C:T_T,0.00613
12:71345188:T:C_C,0.00613
12:71345261:T:C_C,0.00613
12:71345473:C:T_T,0.00613
12:71345646:A:G_G,0.00613
rs7970491_T,0.00613
12:71347088:C:A_A,0.00613
12:71347418:A:G_G,0.00613
12:71347651:C:T_T,0.00613
12:71349349:T:A_A,0.00613
12:71351867:C:T_T,0.00613
12:71352469:T:TA_TA,0.00613
12:71357539:T:C_C,0.00613
12:71358147:G:A_A,0.00613
12:71358169:GCA:G_G,0.00613
12:71358293:A:G_G,0.00613
12:71359600:TG:T_T,0.00613
12:71363052:T:A_A,0.00613
12:71363216:C:T_T,0.00613
12:71363780:T:A_A,0.00613
12:71373631:T:A_A,0.00613
12:71378466:A:G_G,0.00613
12:71379449:G:T_T,0.00613
12:94932212:C:A_A,0.006166
12:68304169:A:G_A,0.006175
12:68312246:A:T_A,0.006175
rs3014996_A,0.006175
12:3627833:G:A_A,0.006185
rs7968680_C,0.006191
12:25401541:G:A_A,0.0062
12:49101042:G:A_A,0.006221
12:32498855:G:A_G,0.006247
12:32501115:G:A_G,0.006247
12:32501198:C:T_C,0.006247
12:32502059:A:T_A,0.006247
12:32502593:C:CTA_C,0.006247
12:95691902:T:A_A,0.006249
12:116145231:G:A_A,0.006259
12:98977410:A:C_C,0.006262
12:132673393:G:C_C,0.006273
12:13505640:G:A_G,0.006279
12:53371535:T:C_T,0.006294
12:11706164:G:T_T,0.006323
12:13530227:G:T_T,0.006333
12:13533000:G:A_A,0.006333
rs1421438_C,0.006336
12:106243183:T:TCCC_TCCC,0.006336
12:107017017:G:A_A,0.006341
12:107043657:T:C_C,0.006341
12:14164480:G:T_T,0.00635
12:89388031:T:A_A,0.006356
12:57162887:G:GT_G,0.006376
12:108531047:T:C_C,0.006376
12:48940622:CTT:CT_CT,0.006395
12:70241740:T:C_C,0.006411
12:70242073:A:G_G,0.006411
12:70246240:A:G_G,0.006411
12:70252826:T:A_A,0.006411
12:70255239:A:G_G,0.006411
12:97270915:G:A_A,0.006414
12:97271555:C:T_T,0.006414
12:97274404:C:T_T,0.006414
12:97277027:A:G_G,0.006414
12:5630471:C:A_A,0.006429
12:22865823:C:T_T,0.006429
12:22865824:G:A_A,0.006429
12:48925236:C:T_T,0.006429
12:48926268:A:T_T,0.006429
12:48927197:A:C_C,0.006429
12:48927708:G:A_A,0.006429
12:48929190:A:T_T,0.006429
12:48930023:A:G_G,0.006429
12:48930900:C:T_T,0.006429
12:47786575:T:A_A,0.006437
12:7705476:C:A_C,0.006439
12:20029291:G:A_A,0.006443
12:97073190:C:T_T,0.006457
12:70199385:T:C_C,0.006471
rs9668929_G,0.006484
12:59079816:T:C_C,0.006502
12:78267548:G:A_G,0.006535
12:78277613:C:T_T,0.006535
12:9038340:G:A_A,0.006538
12:44629954:CAT:C_C,0.006563
12:23704751:A:G_G,0.006596
12:70153452:C:CTCCT_C,0.006598
12:78286631:G:A_A,0.006599
12:13076264:TTTCC:T_T,0.006604
12:118329220:T:A_A,0.00662
12:118329221:C:A_A,0.00662
12:22869656:C:T_T,0.00663
12:66598560:A:G_A,0.006631
12:97236213:C:T_T,0.006649
12:3034484:G:A_A,0.006667
12:3037705:T:A_A,0.006667
12:3037937:T:A_A,0.006667
12:3045007:C:T_T,0.006667
12:3045155:A:G_G,0.006667
12:3045429:C:A_A,0.006667
12:3045509:A:G_G,0.006667
12:3045512:A:C_C,0.006667
12:3045847:G:A_A,0.006667
12:3045947:A:C_C,0.006667
12:3045963:TTTAA:T_T,0.006667
12:3045968:AT:A_A,0.006667
12:3046056:G:A_A,0.006667
12:3046173:A:G_G,0.006667
12:3046323:T:TTC_TTC,0.006667
12:3046421:C:T_T,0.006667
12:3046531:T:C_C,0.006667
12:3046802:A:G_G,0.006667
12:3049938:C:T_T,0.006667
12:3050220:TTG:T_T,0.006667
12:3051460:C:G_G,0.006667
12:3051726:G:A_A,0.006667
12:3052045:C:T_T,0.006667
12:3053028:G:C_C,0.006667
12:3053171:C:G_G,0.006667
12:3053172:C:T_T,0.006667
12:3054170:G:A_A,0.006667
12:3054299:G:C_C,0.006667
12:3055651:G:T_T,0.006667
12:3055703:G:A_A,0.006667
12:3056136:G:A_A,0.006667
12:42181706:C:T_T,0.006685
12:42205329:C:T_T,0.006685
12:42205969:T:C_C,0.006685
12:42209626:T:C_C,0.006685
12:42214386:C:T_T,0.006685
12:42215240:C:T_T,0.006685
12:42216061:G:A_A,0.006685
12:42217896:C:T_T,0.006685
12:42221562:T:C_C,0.006685
12:96901338:T:C_C,0.006689
12:13456563:G:A_A,0.006701
12:13457440:G:A_A,0.006701
12:13458621:A:AT_AT,0.006701
rs10744018_C,0.006701
12:132037299:G:A_A,0.006702
12:70977158:C:G_G,0.006707
rs1465933_A,0.006707
12:124400278:C:T_T,0.006726
exm-rs11061330_T,0.006732
12:25312720:T:C_C,0.006738
12:89363909:T:C_C,0.00674
12:108710323:C:A_C,0.006744
12:92531608:T:G_G,0.006755
12:7616224:C:T_T,0.006756
12:7619051:T:G_G,0.006756
12:7619490:CA:C_C,0.006756
12:7630260:G:C_C,0.006756
rs10845265_G,0.006756
12:7631225:A:G_G,0.006756
rs2471649_C,0.006765
12:75584202:A:T_T,0.006765
12:75586952:G:C_C,0.006765
12:10172178:C:T_T,0.006768
12:10174173:G:A_A,0.006768
12:27054552:C:T_T,0.006771
12:27057474:C:T_T,0.006771
rs3210635_T,0.006771
12:27065087:G:A_A,0.006771
12:27066350:C:T_T,0.006771
12:27067978:G:A_A,0.006771
12:27068032:G:A_A,0.006771
12:27083522:T:C_C,0.006771
12:27085287:C:T_T,0.006771
12:27087778:T:C_C,0.006771
12:53131350:T:G_T,0.006774
12:53131351:G:C_G,0.006774
12:53131352:G:A_G,0.006774
12:18134955:T:G_G,0.006785
12:14515704:C:T_C,0.006786
12:14516910:T:TTTTTTTTTTC_T,0.006786
12:14521376:G:T_G,0.006786
12:14523972:G:T_G,0.006786
12:14533490:G:A_G,0.006786
12:14534426:G:A_G,0.006786
12:14536005:C:G_C,0.006786
12:14541011:T:G_T,0.006786
12:14541012:T:A_T,0.006786
12:14542541:A:G_A,0.006786
12:14542698:T:A_T,0.006786
12:14548314:A:C_A,0.006786
12:14571814:G:A_G,0.006786
rs7970587_A,0.006786
12:14584354:C:A_C,0.006786
12:14607571:G:C_G,0.006786
12:14643510:T:G_T,0.006786
12:14645428:A:G_A,0.006786
12:14651798:A:T_A,0.006786
12:52479719:A:G_A,0.006788
12:26329551:TCTC:T_T,0.006806
12:48888900:T:G_G,0.006816
12:115030634:T:C_C,0.006819
12:48334455:AT:A_A,0.00682
12:131874252:A:G_A,0.006833
12:14406263:G:A_A,0.006849
12:70120935:C:G_G,0.006862
12:70123318:T:G_G,0.006862
12:70123763:T:C_C,0.006862
12:95957180:C:CT_CT,0.006865
12:76451696:T:C_T,0.00687
12:98752406:A:C_C,0.006892
12:129508993:A:C_C,0.006904
12:32869676:G:GTA_GTA,0.006917
12:128099056:G:A_G,0.006917
12:106248532:A:G_G,0.006918
12:122229869:A:T_T,0.006937
12:11708389:T:C_C,0.006965
rs7954816_T,0.006965
12:11720831:T:C_C,0.006965
12:11721082:A:T_T,0.006965
12:11724228:T:G_G,0.006965
12:11724914:G:C_C,0.006965
12:11725041:T:C_C,0.006965
12:11727970:C:T_T,0.006965
12:11729918:T:C_C,0.006965
12:11735475:C:T_T,0.006965
12:11741018:CA:C_C,0.006965
12:11741965:A:C_C,0.006965
12:11742260:C:T_T,0.006965
12:97293627:A:T_T,0.00697
12:14569204:TTATTTAA:T_T,0.006984
12:14570639:T:C_C,0.006984
12:14573499:C:G_G,0.006984
12:14580138:C:T_T,0.006984
12:14589729:T:A_A,0.006984
12:14593570:AC:A_A,0.006984
12:14621717:A:C_C,0.006984
12:14628445:C:T_T,0.006984
12:14632257:C:T_T,0.006984
12:14637023:C:A_A,0.006984
12:14640187:C:T_T,0.006984
12:14640477:T:C_C,0.006984
12:14647454:A:G_G,0.006984
12:14653667:T:A_T,0.006984
12:69788397:GTGTTTGTT:GTGTTTGTTTGTTTGTT_GTGTTTGTTTGTTTGTT,0.006993
12:15677091:T:TA_TA,0.006994
12:20279768:AT:A_A,0.006998
12:91098944:GA:G_G,0.007001
12:20284509:G:C_C,0.007024
12:32504157:C:T_C,0.007031
12:32515155:A:G_A,0.007031
12:32515761:CTG:C_CTG,0.007031
12:32516543:TCA:T_TCA,0.007031
12:131886873:C:T_C,0.007034
12:75600212:A:G_G,0.007042
12:48931582:TG:T_T,0.007045
12:48933233:C:T_T,0.007045
12:48933605:G:C_C,0.007045
12:48937510:G:A_A,0.007045
12:48938380:G:A_A,0.007045
12:48938971:G:A_A,0.007045
12:48939107:C:G_G,0.007045
12:48943499:G:A_A,0.007045
12:48943909:A:G_G,0.007045
12:48946796:G:A_A,0.007045
12:48948053:C:G_G,0.007045
12:48949608:A:G_G,0.007045
12:124014420:C:CAAAA_C,0.007046
12:48852516:C:CT_CT,0.007071
12:53107700:T:C_C,0.007089
12:53107964:C:T_T,0.007089
12:108533896:G:A_A,0.007101
12:122403933:A:G_A,0.007106
12:122409664:T:C_T,0.007106
12:122410160:G:A_G,0.007106
12:122411920:G:A_G,0.007106
12:122412225:G:A_G,0.007106
12:43920033:T:C_C,0.007113
12:14531034:C:CT_CT,0.007126
12:118309635:A:AT_AT,0.007146
12:78651213:A:G_G,0.007158
12:50950883:G:T_T,0.00719
12:7351780:C:T_T,0.007198
12:119694130:G:T_T,0.007238
12:95961586:T:C_C,0.00724
12:57979697:AT:A_AT,0.007265
12:67309018:AACTG:A_A,0.007268
12:44420974:T:G_G,0.007289
12:44420979:T:G_G,0.007289
12:44420984:T:G_G,0.007289
12:44420989:T:G_G,0.007289
12:26403546:A:G_A,0.007298
12:8695627:T:TTG_TTG,0.007301
12:12742080:A:T_T,0.00732
12:12742129:T:C_C,0.00732
12:97511062:G:T_G,0.007349
12:70978224:A:G_G,0.007354
12:132665614:C:A_A,0.007354
12:131899855:A:C_A,0.007364
12:14551025:T:C_T,0.007381
12:25371462:C:T_T,0.007385
12:58772624:G:T_T,0.007386
12:25601666:G:A_A,0.007389
12:25606455:C:T_T,0.007389
12:100568196:G:C_C,0.007389
12:100578301:C:T_T,0.007389
12:100579403:G:T_T,0.007389
12:100584338:T:C_C,0.007389
12:100584604:G:A_A,0.007389
12:100589179:C:G_G,0.007389
12:100590707:T:C_C,0.007389
12:100591818:G:C_C,0.007389
12:100607615:G:A_A,0.007389
12:100609991:C:T_T,0.007389
12:64267136:T:C_C,0.007397
12:64268005:C:T_T,0.007397
12:64268795:C:A_A,0.007397
12:6052443:TTGTG:T_TTGTG,0.007409
12:25529645:C:T_T,0.007418
12:19940339:C:T_T,0.007426
12:79033570:T:C_C,0.00743
12:6042669:T:C_C,0.007455
rs12368662_T,0.007456
12:42123093:A:G_G,0.007456
12:30960858:T:G_G,0.007461
12:132083488:T:C_C,0.007463
12:9436399:G:C_C,0.007466
12:9436401:C:T_T,0.007466
12:99178813:C:T_T,0.00747
12:132087128:G:A_A,0.007474
12:70218488:T:A_A,0.007482
12:70224225:G:T_T,0.007482
12:70234558:G:A_A,0.007482
12:70234795:T:C_C,0.007482
12:70235059:G:A_A,0.007482
12:70235379:A:G_G,0.007482
rs7305307_C,0.007482
12:70236233:GT:G_G,0.007482
12:70240035:G:T_T,0.007482
12:14396014:CTT:C_C,0.007527
12:59919789:C:CT_CT,0.007531
12:115473722:C:G_G,0.007533
12:90775510:A:T_T,0.007571
12:91336422:A:G_G,0.007579
12:91346422:T:C_C,0.007579
rs4764077_C,0.00759
12:117900675:A:T_T,0.007591
12:2500778:A:AAAC_A,0.007592
12:123867511:GT:G_GT,0.007601
12:50539453:GA:AA_AA,0.007611
12:25518424:C:CAA_C,0.007645
12:25521192:T:C_T,0.007645
12:25525513:A:G_G,0.007645
12:25599916:A:T_A,0.007649
12:125418484:C:A_A,0.007649
rs1449562_G,0.007693
12:122290439:G:A_G,0.007693
12:127518456:C:T_C,0.007706
12:40747081:G:A_G,0.007708
12:40747085:A:G_A,0.007708
12:128120679:C:G_C,0.007708
12:98721154:CT:C_C,0.007709
12:116625618:G:A_A,0.00773
12:115553652:T:G_T,0.007735
rs7298685_A,0.007737
12:70207355:C:T_T,0.007767
12:94948190:A:G_G,0.007772
12:7684486:A:G_A,0.007793
12:7685780:C:T_C,0.007793
12:7686746:T:C_T,0.007793
12:7690528:TTGTC:T_TTGTC,0.007793
12:31043582:T:C_C,0.007794
12:31045286:G:T_T,0.007794
12:119814288:T:C_C,0.007821
12:119814383:G:A_A,0.007821
12:119814778:G:A_A,0.007821
12:119815147:A:G_G,0.007821
12:119815810:A:T_T,0.007821
12:119815811:A:T_T,0.007821
12:119821344:C:G_G,0.007821
12:6271735:A:T_A,0.007884
12:28245036:C:T_T,0.007891
12:14409004:A:C_C,0.007901
12:31258808:G:A_A,0.007937
12:48336619:A:C_A,0.007976
12:52943581:A:C_C,0.007985
12:104887200:CATT:C_C,0.008
12:98944319:T:C_C,0.008001
12:670266:T:G_G,0.008043
12:97249115:C:A_A,0.008058
12:97255317:A:G_G,0.008058
12:92531855:AAC:AACAC_AACAC,0.008075
12:32521050:G:C_G,0.008085
12:32522160:G:A_G,0.008085
12:32522249:C:T_C,0.008085
12:32523085:A:G_A,0.008085
12:32523190:T:C_T,0.008085
12:122358816:A:G_A,0.008105
exm2250646_G,0.008105
12:122361929:CT:C_CT,0.008105
12:122363781:T:C_T,0.008105
rs1667583_T,0.008105
12:122371474:T:C_T,0.008105
12:122377088:G:A_G,0.008105
12:122378206:G:A_G,0.008105
12:122380274:A:G_A,0.008105
12:122383614:T:C_T,0.008105
12:122387737:A:G_A,0.008105
12:122388396:A:G_A,0.008105
12:122389248:A:G_A,0.008105
12:122391963:A:G_A,0.008105
exm-rs830124_A,0.008105
12:122397476:T:C_T,0.008105
12:122397856:A:C_A,0.008105
12:122398123:A:G_A,0.008105
12:128657872:C:G_G,0.008128
12:22870965:A:G_G,0.008161
12:24260884:G:A_A,0.008168
12:48840999:G:GTGTA_G,0.008172
12:131907061:T:A_T,0.008176
12:131914650:T:G_G,0.008176
12:131652155:T:TG_TG,0.008183
12:20599344:G:C_C,0.008193
12:20602008:T:C_C,0.008193
12:31404146:T:C_C,0.008208
12:28348865:G:A_A,0.008231
12:28349402:G:A_A,0.008231
12:23710827:T:C_C,0.0083
12:74337093:C:T_T,0.008326
12:92579604:TTCC:T_T,0.008332
12:70439904:C:G_C,0.008335
12:70440985:C:T_C,0.008335
12:70441113:G:A_G,0.008335
12:70441388:C:A_C,0.008335
12:70441443:G:A_G,0.008335
12:70441524:C:A_C,0.008335
12:11608363:C:T_T,0.008338
12:11608407:C:T_T,0.008338
12:11610071:A:T_T,0.008338
12:11613208:C:T_T,0.008338
rs11608306_G,0.008338
12:11614230:A:G_G,0.008338
12:14655356:CA:C_C,0.008357
12:108521788:T:C_C,0.008363
12:108522187:A:C_C,0.008363
12:108522628:G:A_A,0.008363
12:108522674:CT:C_C,0.008363
12:108522676:A:G_G,0.008363
12:108522793:G:C_C,0.008363
12:108522870:T:C_C,0.008363
rs3751212_C,0.008363
12:108523753:G:A_A,0.008363
12:108524038:G:T_T,0.008363
12:108524106:T:A_A,0.008363
12:108524611:A:G_G,0.008363
12:108524708:A:G_G,0.008363
12:108524734:A:G_G,0.008363
12:108524872:C:T_T,0.008363
12:108524910:G:A_A,0.008363
12:108525445:A:G_G,0.008363
12:108525533:C:T_T,0.008363
12:108525595:C:G_G,0.008363
rs7952818_T,0.008363
12:108526446:C:G_G,0.008363
12:108526498:A:G_G,0.008363
12:108526536:G:A_A,0.008363
12:108526850:G:A_A,0.008363
12:108527097:G:A_A,0.008363
12:108527463:C:T_T,0.008363
12:108529085:A:G_G,0.008363
12:108530523:G:C_C,0.008363
12:108531601:G:T_T,0.008363
12:108533721:A:C_C,0.008363
12:127931906:A:G_A,0.008381
12:63243736:A:G_G,0.008384
12:63254638:C:T_T,0.008384
12:63255963:A:T_T,0.008384
12:63256147:T:G_G,0.008384
12:63256977:C:CCT_CCT,0.008384
12:63259528:T:C_C,0.008384
12:63259688:G:A_A,0.008384
12:63263986:T:C_C,0.008384
12:63264622:G:A_A,0.008384
12:63270618:A:G_G,0.008384
12:63270875:C:T_T,0.008384
12:63273248:C:T_T,0.008384
12:63273960:T:G_G,0.008384
12:63274194:A:C_C,0.008384
12:63274636:G:T_T,0.008384
12:63280248:T:G_G,0.008384
12:63281957:A:G_G,0.008384
12:63282229:C:T_T,0.008384
12:63282868:C:T_T,0.008384
12:63285846:A:G_G,0.008384
12:63288437:C:T_T,0.008384
12:63290215:C:T_T,0.008384
12:63290328:A:C_C,0.008384
12:63291475:T:C_C,0.008384
12:63291880:GA:G_G,0.008384
12:63294090:C:T_T,0.008384
12:78524961:C:T_T,0.008396
12:78525994:CAATT:C_C,0.008396
rs17044922_G,0.008396
12:78544394:C:T_T,0.008396
12:44776967:T:A_A,0.008408
12:44784649:C:G_G,0.008408
12:94163910:G:C_C,0.008418
12:94163911:G:A_A,0.008418
12:94163918:T:C_C,0.008418
12:94163919:G:T_T,0.008418
12:9436083:C:T_T,0.00843
12:18072609:T:A_A,0.00843
12:18075417:A:G_G,0.00843
12:18075738:AC:A_A,0.00843
12:18078359:T:C_C,0.00843
12:18079234:T:C_C,0.00843
12:18079440:C:T_T,0.00843
12:18079444:G:A_A,0.00843
12:18083355:CTTA:C_C,0.00843
12:18085379:G:C_C,0.00843
12:97100676:G:A_A,0.008447
12:97100900:C:T_T,0.008447
12:97103727:T:G_G,0.008447
12:97104928:G:A_A,0.008447
12:97109139:C:T_T,0.008447
12:97109970:A:G_G,0.008447
12:97114231:G:A_A,0.008447
12:97114549:C:T_T,0.008447
12:97122283:C:T_T,0.008447
12:97123362:G:A_A,0.008447
12:97123412:G:A_A,0.008447
12:97124939:G:A_A,0.008447
12:97125789:C:T_T,0.008447
12:99874773:A:AT_AT,0.008455
12:19940215:C:A_A,0.008458
12:64985971:A:G_A,0.008473
12:64987093:T:C_T,0.008473
12:25609153:C:A_A,0.008475
rs11830109_G,0.008475
12:53129075:C:G_C,0.008484
12:53131136:C:T_C,0.008484
12:53132528:G:A_G,0.008484
12:53133012:T:C_T,0.008484
12:53135502:G:A_G,0.008484
12:13060120:G:A_A,0.008486
12:118526526:T:C_C,0.008491
12:90103560:C:G_G,0.008545
12:51204002:C:CT_CT,0.00855
12:25288411:G:A_A,0.008594
12:25289010:G:A_A,0.008594
12:25290790:T:C_C,0.008594
12:25294214:A:G_G,0.008594
12:25295340:G:A_A,0.008594
12:25295969:C:CA_CA,0.008594
12:25299297:G:A_A,0.008594
12:25304707:A:G_G,0.008594
12:25309586:A:C_C,0.008594
12:25311333:G:A_A,0.008594
12:25312648:G:C_C,0.008594
12:25314806:A:T_T,0.008594
12:25324287:G:A_G,0.008594
12:25327598:A:G_G,0.008594
12:25329172:T:C_C,0.008594
12:25329702:A:T_A,0.008594
12:25336790:A:C_C,0.008594
12:25338229:T:C_C,0.008594
12:25338802:G:A_A,0.008594
12:25338943:T:C_C,0.008594
12:25339203:C:T_T,0.008594
12:25341338:G:A_A,0.008594
12:25341939:AGGTT:A_A,0.008594
12:25342500:CG:C_C,0.008594
12:25342630:A:C_C,0.008594
12:25361074:G:A_A,0.008594
12:25361142:A:G_G,0.008594
12:25361646:T:C_C,0.008594
rs17473423_G,0.008594
12:25371162:TA:T_T,0.008594
12:25380927:C:G_G,0.008594
12:25381346:G:C_C,0.008594
12:25386940:C:T_T,0.008594
12:25388316:G:C_C,0.008594
12:25389182:A:G_G,0.008594
12:25389917:G:C_C,0.008594
12:25393523:T:C_C,0.008594
12:25395845:T:C_C,0.008594
12:25395917:G:A_A,0.008594
12:25397282:T:C_C,0.008594
12:25398973:G:A_A,0.008594
12:25401197:C:T_T,0.008594
12:25402087:G:GT_GT,0.008594
12:25402253:T:C_C,0.008594
12:25402255:C:G_G,0.008594
12:25402387:T:C_C,0.008594
12:100850930:G:T_T,0.008603
12:127931132:T:C_C,0.008605
12:127931158:A:G_G,0.008605
12:65042971:G:GT_GT,0.008645
12:53454176:C:T_T,0.008659
rs10437892_T,0.008662
12:74072195:T:G_G,0.008675
12:74072569:A:C_C,0.008675
12:74072613:G:A_A,0.008675
12:74074906:TC:T_T,0.008675
12:74075889:T:A_A,0.008675
12:74077130:A:C_C,0.008675
12:74077250:G:A_A,0.008675
12:74077615:G:C_C,0.008675
12:74077691:C:G_G,0.008675
rs7973710_T,0.008675
12:74078224:G:A_A,0.008675
12:74078515:C:A_A,0.008675
12:123427951:C:T_T,0.008688
12:123445432:GCAAACAAA:G_G,0.008688
12:123449432:T:C_C,0.008688
12:123480323:C:T_T,0.008688
12:123502904:C:T_T,0.008688
12:123508061:G:C_C,0.008688
12:123516317:G:A_A,0.008688
12:123517345:C:T_T,0.008688
12:123580657:C:T_T,0.008688
12:15171581:A:G_G,0.00869
rs10846115_C,0.00869
12:71387389:GAA:GA_GA,0.008692
12:72131620:C:G_G,0.008702
rs11057038_C,0.008713
12:116167311:G:GACTTGATTT_GACTTGATTT,0.008723
12:116167464:A:C_C,0.008723
12:124375466:G:A_A,0.008737
12:117901308:C:T_T,0.008759
12:117902297:T:C_C,0.008759
12:130008090:G:C_C,0.008761
12:67340952:T:C_C,0.008773
12:99889845:CT:C_C,0.008781
12:25379639:T:C_C,0.008811
12:25265409:T:C_C,0.008837
rs1520765_C,0.008858
12:115712053:A:G_G,0.008921
12:55210243:C:T_C,0.008939
12:55210244:A:T_A,0.008939
12:65275069:C:T_T,0.008954
exm-rs939876_G,0.008969
12:124783975:T:C_C,0.00898
12:28662635:G:A_A,0.009005
12:28662817:A:G_G,0.009005
12:25527196:C:T_T,0.009033
rs3741800_C,0.009053
12:12510097:C:T_C,0.009053
12:20051920:C:A_A,0.009054
12:48944393:A:T_T,0.009074
12:27952660:C:T_T,0.009097
12:75570812:TTA:T_T,0.009109
12:103036915:A:G_G,0.009138
12:14592843:A:G_G,0.009141
12:13070191:C:T_T,0.009152
12:20549164:C:T_C,0.009154
12:20549521:G:A_G,0.009154
12:31057037:AATAG:A_A,0.009157
12:131601255:G:C_C,0.009158
12:131602227:A:C_C,0.009158
12:98740824:C:T_T,0.00916
12:98744408:C:G_G,0.00916
12:98746316:C:T_T,0.00916
12:94931618:T:G_G,0.009173
12:122295960:AG:A_A,0.009188
12:122296784:C:T_T,0.009188
12:122299136:G:T_T,0.009188
12:32715921:C:T_T,0.009196
12:32722035:C:A_A,0.009196
12:32726123:G:A_A,0.009196
12:32726284:C:CTGTAA_CTGTAA,0.009196
12:122430870:A:T_A,0.009212
12:54100756:A:G_G,0.009226
12:54101065:G:A_A,0.009226
12:40766722:C:CTGAG_C,0.009236
12:40774423:C:CAAG_C,0.009236
12:40780360:C:G_C,0.009236
12:40783015:T:TC_T,0.009236
12:127924890:T:C_C,0.009251
12:108709950:A:G_A,0.009267
12:117901240:A:T_T,0.009276
12:131157591:AG:A_AG,0.009296
12:131157876:G:A_A,0.009296
12:7742381:G:A_A,0.009303
12:7742384:C:G_G,0.009303
12:94159624:G:GT_GT,0.009311
rs10849210_T,0.009316
12:5298517:C:T_C,0.009316
12:5299505:G:A_G,0.009316
12:5300618:C:T_C,0.009316
12:5303407:A:C_A,0.009316
12:43986895:A:G_G,0.009328
12:57315541:TA:T_T,0.009352
rs7314055_G,0.009352
12:61971109:G:C_C,0.009378
rs7961863_T,0.009391
12:118249222:A:G_G,0.009393
12:31236244:C:CT_CT,0.009413
12:5006982:T:C_C,0.009433
12:5007471:A:T_T,0.009433
12:5007972:A:G_G,0.009433
12:5008002:C:CTGT_CTGT,0.009433
12:5008039:T:A_A,0.009433
12:5008145:G:A_A,0.009433
12:5008168:A:AATCTACTCTCTCTTTT_AATCTACTCTCTCTTTT,0.009433
12:5008758:T:G_G,0.009433
12:5009580:C:T_T,0.009433
12:13057157:T:C_C,0.009443
12:13057349:C:A_A,0.009443
12:103988117:C:A_A,0.009443
12:97540680:A:G_A,0.009454
12:123908290:T:C_C,0.009469
12:96015953:A:G_G,0.009476
12:96015957:T:C_C,0.009476
12:96015982:C:G_G,0.009476
12:96016412:G:A_A,0.009476
12:88188950:C:A_A,0.009477
12:29796624:T:TTA_TTA,0.009484
12:117876474:A:G_G,0.009491
12:8213085:A:G_A,0.009497
12:118534760:T:A_A,0.0095
12:97168083:A:G_G,0.009502
12:97169208:G:A_A,0.009502
12:97170847:A:G_G,0.009502
12:97172799:C:G_G,0.009502
12:97176077:A:G_G,0.009502
12:97183178:T:A_A,0.009502
12:97183973:A:G_G,0.009502
12:97184813:C:G_G,0.009502
12:97216274:T:G_G,0.009502
12:47732944:A:C_C,0.009512
rs7963394_T,0.009517
12:42191414:C:T_T,0.009517
12:43052758:G:A_A,0.009522
12:88074144:C:T_T,0.009522
12:88118683:T:C_C,0.009522
12:119676891:A:G_G,0.009537
12:25067820:C:T_T,0.009547
12:121089313:A:G_G,0.00955
12:14604912:G:T_T,0.009559
12:14621719:A:G_G,0.009559
12:28236679:G:C_C,0.009589
rs12811134_A,0.009589
12:99845564:C:CGTGTGTGTGT_CGTGTGTGTGT,0.009593
12:61758172:C:T_T,0.009594
12:99136198:A:T_A,0.009597
12:67115927:T:C_C,0.009617
12:67117454:A:G_G,0.009617
12:127726002:A:G_G,0.009619
12:64970096:C:A_C,0.009625
12:64971147:G:A_G,0.009625
12:64979800:T:C_T,0.009625
12:64979818:A:T_A,0.009625
12:64980229:C:G_C,0.009625
12:132329553:A:C_C,0.009659
12:83515925:C:T_T,0.009671
12:67042492:T:C_C,0.009673
12:87167721:TC:T_TC,0.009687
12:102020281:T:A_A,0.009724
12:127962079:C:T_T,0.009745
12:19949655:T:C_C,0.009756
12:117882100:A:G_G,0.009768
12:53125381:TCTC:T_T,0.00977
12:53141969:C:G_G,0.00977
12:3462809:G:A_A,0.009777
12:75621822:G:T_T,0.00978
12:119078422:CA:C_C,0.009791
12:7698060:T:C_C,0.009795
12:32118823:C:CA_CA,0.009799
12:70218246:ACATATC:A_A,0.009801
12:27052136:T:G_T,0.00981
12:27057670:CAT:C_CAT,0.00981
12:100474009:A:G_G,0.009813
12:124733362:G:A_A,0.009813
12:124733799:T:C_C,0.009813
rs11115322_C,0.009817
12:32645755:G:C_G,0.009896
12:39693953:T:C_C,0.009903
12:39721091:G:C_C,0.009903
12:39783631:T:C_C,0.009903
12:39811533:T:C_C,0.009903
12:39830460:A:T_T,0.009903
12:39849287:G:C_C,0.009903
12:39886358:C:A_A,0.009903
12:39891821:T:C_C,0.009903
12:39904629:G:C_C,0.009903
12:39948806:C:G_G,0.009903
12:39955035:T:TAA_TAA,0.009903
12:39982296:C:T_T,0.009903
12:39983402:G:A_A,0.009903
12:42187316:G:A_G,0.009932
12:70579927:TA:T_TA,0.009941
12:78284337:G:T_T,0.009948
12:20691882:A:AT_AT,0.009968
12:108866480:C:T_T,0.009976
12:132694071:A:G_A,0.009987
