names,stability,coefficients_mean,abs_coefficients_mean,scaled_coefficients
1:171781735:C:T_T,"5,00E+01","-0,7391872765","0,7391872765","6,43E-12"
1:80758756:C:T_T,"5,00E+01","-0,6520483775","0,6520483775","0,0735635861"
1:184306266:G:A_A,"5,00E+01","0,4453512118","0,4453512118","1,00E+00"
1:195275704:T:G_G,"5,00E+01","-0,3829493487","0,3829493487","0,3007398505"
1:44602159:G:A_A,"5,00E+01","0,3638886114","0,3638886114","0,9312284057"
1:41811481:G:C_G,"5,00E+01","0,2704812493","0,2704812493","0,8523729164"
1:58481272:A:G_G,"5,00E+01","-0,1985001278","0,1985001278","0,456453846"
1:63379031:T:G_G,"5,00E+01","-0,1974186079","0,1974186079","0,4573668766"
1:7567322:C:A_A,"5,00E+01","-0,1859483587","0,1859483587","0,4670501831"
1:204421752:G:A_G,"5,00E+01","0,1804221147","0,1804221147","0,7763440363"
1:196893979:C:A_A,"5,00E+01","0,1767272464","0,1767272464","0,7732247892"
1:198159651:GAATT:G_G,"5,00E+01","0,167218767","0,167218767","0,7651976297"
1:163462638:G:C_C,"5,00E+01","-0,1640132361","0,1640132361","0,4855680471"
1:221840946:T:C_C,"5,00E+01","0,15599509","0,15599509","0,7557224821"
1:115778033:G:T_T,"5,00E+01","0,1552270295","0,1552270295","0,7550740772"
1:2332988:T:C_T,"5,00E+01","0,1537721574","0,1537721574","0,7538458587"
1:114412020:AT:A_A,"5,00E+01","0,1527854103","0,1527854103","0,7530128363"
1:190499511:T:C_C,"5,00E+01","0,149150265","0,149150265","0,749944008"
1:186463998:G:T_T,"5,00E+01","-0,1484595425","0,1484595425","0,4986986407"
1:224945297:C:T_C,"5,00E+01","0,1472212614","0,1472212614","0,7483155226"
