names;stability;coefficients_mean;abs_coefficients_mean;scaled_coefficients
b'1:41347794:GTT:G_GTT';50;0,1006611906;0,1006611906;0,6437470845
b'1:214330146:T:G_T';49;-0,1099188999;0,1099188999;0,4356187154
b'rs368667500:41552560:C:CA_CA';48;-0,0644394351;0,0644394351;0,4805686763
b'1:18111324:A:G_G';46;0,0492642338;0,0492642338;0,5929485272
b'1:160156398:G:A_A';46;-0,0881826868;0,0881826868;0,4571018602
b'1:216528649:AAAAGAAAGAAAG:A_AAAAGAAAGAAAG';46;0,0625701106;0,0625701106;0,6060994875
b'rs71579830:20174499:TATTTG:T_TATTTG';45;0,0494617297;0,0494617297;0,5931437237
b'rs35110823:88115338:CT:C_CT';45;-0,0471863474;0,0471863474;0,4976208914
b'rs3045345:163452771:TAC:T_T';45;-0,0709159013;0,0709159013;0,4741676137
b'1:217054774:_G';45;-0,0416776702;0,0416776702;0,5030654327
